mol_no,input,output,reaction_type
3,Cc1cc(C[C@@H](OC(=O)N2CCC(N3CCc4ccccc4NC3=O)CC2)C(=O)N2CCC(C3CCN(S(C)(=O)=O)CC3)CC2)cc2nc[nH]c12,CS(=O)(=O)N1CCC(C2CCNCC2)CC1.Cc1cc(C[C@@H](OC(=O)N2CCC(N3CCc4ccccc4NC3=O)CC2)C(=O)O)cc2nc[nH]c12,2
14,COc1ccc(F)c(F)c1C(=O)c1cnc(NC2CNC2)nc1N,COc1ccc(F)c(F)c1C(=O)c1cnc(NC2CN(C(=O)OC(C)(C)C)C2)nc1N,6
29,COC=Cc1cccc(OC)c1OC,COC[P+](c1ccccc1)(c1ccccc1)c1ccccc1.COc1cccc(C=O)c1OC,3
31,CCCN(CCC)C(=O)n1cnc(S(=O)C(C)C)n1,CC(C)S(=O)c1nc[nH]n1.CCCN(CCC)C(=O)Cl,1
33,O=C(c1ccc([N+](=O)[O-])cc1)N1CCc2cc(S(=O)(=O)N3C[C@H](c4ccccc4)NC3=O)ccc21,O=C(Cl)c1ccc([N+](=O)[O-])cc1.O=C1N[C@@H](c2ccccc2)CN1S(=O)(=O)c1ccc2c(c1)CCN2,2
35,CCC(C)COC(C)=O,CC(=O)Cl.CCC(C)CO,2
39,Cc1ccc(S(=O)(=O)O)cc1,CC1(N)CCN(C(=O)OC(C)(C)C)CC1,6
76,COc1ccc(C(=O)c2sc(C(C)C)cc2O)cc1,COc1ccc(C(=O)c2sc(C(C)C)cc2OCc2ccccc2)cc1,6
80,CN(C(=O)OC(C)(C)C)[C@@H](C=O)Cc1ccccc1,CN(C(=O)OC(C)(C)C)[C@@H](CO)Cc1ccccc1,8
88,CCN(CC)C(=O)c1ccc(OC)cc1-c1ncccc1C,CCN(CC)C(=O)c1ccc(OC)cc1B(O)O.Cc1cccnc1Br,3
92,CC1CCCC(C)(C)C1CCC(C)[N+](C)(C)C,CC1CCCC(C)(C)C1CCC(C)N(C)C.CI,1
96,COc1cccc(NC(=O)c2ccccc2C)c1,COc1cccc(N)c1.Cc1ccccc1C(=O)Cl,2
101,COc1cc(S(=O)(=O)N2CCC3(CC2)CN(C2CC2)C(=O)CO3)ccc1Br,COc1cc(S(=O)(=O)Cl)ccc1Br.O=C1COC2(CCNCC2)CN1C1CC1,2
106,CCCCC1CN(CCc2ccccc2)CCC1=NO,CCCCC1CN(CCc2ccccc2)CCC1=O.NO,9
107,COc1cc([N+](=O)[O-])ccc1NC(=O)OCc1ccccc1,COc1cc([N+](=O)[O-])ccc1N.O=C(Cl)OCc1ccccc1,2
108,CSc1ccccc1CN1CCC(=O)C(C(c2ccccc2)c2ccccc2)C1,CSc1ccccc1CO.O=C1CCNCC1C(c1ccccc1)c1ccccc1,1
119,COC(=O)c1cccc(C(=O)N2CCC(CCN3C4CCC3CC(n3c(C)nc5ccccc53)C4)(c3ccccc3)CC2)c1,COC(=O)c1cccc(C(=O)O)c1.Cc1nc2ccccc2n1C1CC2CCC(C1)N2CCC1(c2ccccc2)CCNCC1,2
251,CC(C)[C@H](N)[C@H](O)C(F)(F)F,CC(C)[C@H](NC(=O)OCc1ccccc1)[C@H](O)C(F)(F)F,6
259,COc1ccc(-c2cc3c(cn2)CN(C(C)=O)c2ccccc2C=C3)cn1,COc1ccc(-c2nc3c(cc2F)CN(C(C)=O)c2ccccc2C=C3)cn1,3
263,CSc1ccc(Nc2cc(-c3nnc(C(C)(C)OC(C)=O)o3)ccn2)cc1,CSc1ccc(Nc2cc(C(=O)NNC(=O)C(C)(C)OC(C)=O)ccn2)cc1,4
290,CC(=O)N[C@H]1CC[C@H](NC(=O)c2c(C)[nH]c3c(-c4cc(C(F)F)ccc4OCC4CC4)ncnc23)[C@@H](C)C1,CC(=O)Cl.Cc1[nH]c2c(-c3cc(C(F)F)ccc3OCC3CC3)ncnc2c1C(=O)N[C@H]1CC[C@H](N)C[C@@H]1C,2
303,CCOC(=O)c1ccc2c(c1)cc(C(=O)OCC)n2C,CCOC(=O)c1ccc2[nH]c(C(=O)OCC)cc2c1.CI,1
304,COc1ccc(SCCCN(C)CCCN2CCc3cc(OC)c(OC)cc3CC2=O)cc1OC,CNCCCN1CCc2cc(OC)c(OC)cc2CC1=O.COc1ccc(SCCCCl)cc1OC,1
311,NCc1cn(-c2ccc([C@@H](O)[C@@H](CF)NC(=O)C(Cl)Cl)cc2)nn1,C#CCN.[N-]=[N+]=Nc1ccc([C@@H](O)[C@@H](CF)NC(=O)C(Cl)Cl)cc1,4
321,COc1ccc(F)cc1C(=O)c1cnc(NC2CCN(S(=O)(=O)CCCN3CCN(C)CC3)CC2)nc1N,CN1CCNCC1.COc1ccc(F)cc1C(=O)c1cnc(NC2CCN(S(=O)(=O)CCCCl)CC2)nc1N,1
333,CCC(O)(CC)CCc1ccc(C(CC)(CC)c2ccc(OC[C@@H](O)CCC(=O)O)c(C)c2)cc1C,CCC(O)(C#Cc1ccc(C(CC)(CC)c2ccc(OC[C@@H](O)CCC(=O)O)c(C)c2)cc1C)CC,7
346,CCC(C)N1CC(c2c(C)c(Cl)cc(C(C)n3nc(C)c4c(N)ncnc43)c2OC)C1,CCC(C)=O.COc1c(C(C)n2nc(C)c3c(N)ncnc32)cc(Cl)c(C)c1C1CNC1,1
360,O=C(c1ccc(-n2nc(C(F)(F)F)c3c2CCOC3)cc1F)N1CC(O)C1,O=C(O)c1ccc(-n2nc(C(F)(F)F)c3c2CCOC3)cc1F.OC1CNC1,2
367,COc1ccc(COc2ccc(CN[C@H](C)c3ccccc3)cn2)cn1,C[C@@H](NCc1ccc(OCc2ccc(F)nc2)nc1)c1ccccc1.C[O-],1
373,CCCOc1ccc2c(c1)C(=O)c1cccc(O)c1-2,CCCOc1ccc2c(c1)C(=O)c1cccc(OC)c1-2,6
388,COc1cc(/C=C/c2n[nH]c3ccccc23)ccc1OCCN1CCOCC1,COc1cc(C=O)ccc1OCCN1CCOCC1.c1ccc([P+](Cc2n[nH]c3ccccc23)(c2ccccc2)c2ccccc2)cc1,3
416,CCOC(=O)CCCCN1CCN(CCCCNC(=O)OC(C)(C)C)CC1,CC(C)(C)OC(=O)NCCCCN1CCNCC1.CCOC(=O)CCCCBr,1
439,OCCC1OCc2cc(Cl)ccc21,O=C(O)CC1OCc2cc(Cl)ccc21,7
483,Cc1c(-c2ccccc2)c2c(c3c1[nH]c1ccc(O)cc13)C(=O)NC2=O,COc1ccc2[nH]c3c(C)c(-c4ccccc4)c4c(c3c2c1)C(=O)NC4=O,6
487,O=C1Nc2cccnc2N(C(=O)Oc2ccccc2)c2ccccc21,O=C(Cl)Oc1ccccc1.O=C1Nc2cccnc2Nc2ccccc21,2
500,NNC(=O)c1ccc(-c2csc(N=C(N)N)n2)o1,COC(=O)c1ccc(-c2csc(N=C(N)N)n2)o1.NN,2
510,CC(C)(C)OC(=O)N1Cc2cc(C3=CCOCC3)c(C3CC3)cc2C1,CC(C)(C)OC(=O)N1Cc2cc(Cl)c(C3=CCOCC3)cc2C1.CCCC[Sn](CCCC)(CCCC)C1CC1,3
518,O=C(NN=Cc1cccc2ccccc12)c1cc2ccccc2cc1O,NNC(=O)c1cc2ccccc2cc1O.O=Cc1cccc2ccccc12,1
532,Cc1cc([N+](=O)[O-])ccc1Cn1ccc(NC(=O)c2c(F)cccc2F)n1,Cc1cc([N+](=O)[O-])ccc1CBr.O=C(Nc1cc[nH]n1)c1c(F)cccc1F,1
576,CCOP(=O)(CCCCc1ccccc1)N(C)CC(=O)N1CCC[C@H]1C(=O)O,CCOP(=O)(CCCCc1ccccc1)N(C)CC(=O)N1CCC[C@H]1C(=O)OCc1ccccc1,6
582,COC(=O)c1ccc2c(c1)CC(C)(C)C(c1cccc(C(=O)NC3CN(C(=O)OC(C)(C)C)C3)c1)N2,CC(C)(C)OC(=O)N1CC(N)C1.COC(=O)c1ccc2c(c1)CC(C)(C)C(c1cccc(C(=O)O)c1)N2,2
590,CCc1ccncc1-c1csc(-c2cccc(S(N)(=O)=O)c2)n1,CCc1ccncc1C(=O)CBr.NC(=S)c1cccc(S(N)(=O)=O)c1,4
621,CC(C)c1cc2c(c(-c3ccc(F)cc3)c1C(=O)c1ccc(OC(F)(F)F)cc1)[C@@H](O)CC(C)(C)O2,CC(C)c1cc2c(c(-c3ccc(F)cc3)c1C(=O)c1ccc(OC(F)(F)F)cc1)C(=O)CC(C)(C)O2,7
623,O=C(c1ccc(F)cc1)N1CCCC(O)C1,O=C(O)c1ccc(F)cc1.OC1CCCNC1,2
647,COc1ccc(N)cc1-c1cccc(CN)c1,COc1ccc([N+](=O)[O-])cc1-c1cccc(CN)c1,7
655,CC(=O)c1sc(N2CCN(Cc3ccc(F)cc3)C2=O)nc1C,CC(=O)c1sc(N2CCNC2=O)nc1C.Fc1ccc(CBr)cc1,1
668,CNC1CN(c2nc3ncc(Br)cc3c3cc(C)nn23)C1,Cc1cc2c3cc(Br)cnc3nc(N3CC(N(C)C(=O)OC(C)(C)C)C3)n2n1,6
713,CCC[C@@H](N)C(=O)N1CC(F)C1,CCC[C@@H](NC(=O)OC(C)(C)C)C(=O)N1CC(F)C1,6
733,CC(C)(C)OC(=O)Nc1ccc(Br)cn1,CC(C)(C)OC(=O)OC(=O)OC(C)(C)C.Nc1ccc(Br)cn1,5
735,O=C(Nc1ccccc1)Nc1cccc(-c2ccc(C=C3SC(=O)NC3=O)cc2)c1,Nc1cccc(-c2ccc(C=C3SC(=O)NC3=O)cc2)c1.O=C=Nc1ccccc1,2
764,CCOC(=O)c1c(CCc2ccc(C(F)(F)F)cc2)nc2c(c1-c1ccc(C(=O)N[C@H](C)c3ccncc3)cc1)C(=O)N1CCC[C@@H]21,CCOC(=O)c1c(CCc2ccc(C(F)(F)F)cc2)nc2c(c1-c1ccc(C(=O)O)cc1)C(=O)N1CCC[C@@H]21.C[C@@H](N)c1ccncc1,2
765,C[C@H](NC(=O)c1cc(Cl)cnc1Oc1cccc(F)c1)c1ccc(C(=O)OC(C)(C)C)cc1,C[C@H](NC(=O)c1cc(Cl)cnc1Cl)c1ccc(C(=O)OC(C)(C)C)cc1.Oc1cccc(F)c1,1
794,CCCc1c(O)c(C(C)=O)cc(Cl)c1OCCCOCCCOc1c(C(C)=O)ccc(OCCCC(=O)O)c1CCC,CCCc1c(O)c(C(C)=O)cc(Cl)c1OCCCOCCCOc1c(C(C)=O)ccc(OCCCC(=O)OCC)c1CCC,6
795,N#Cc1cc(C(O)CNC2CCC2)cc(Br)c1N,N#Cc1cc(C(=O)CNC2CCC2)cc(Br)c1N,7
799,CCc1cnc(N2CCC(COc3ccc(-c4ccc(S(C)(=O)=O)cc4)cc3)CC2)nc1,CCc1cnc(Cl)nc1.CS(=O)(=O)c1ccc(-c2ccc(OCC3CCNCC3)cc2)cc1,1
856,c1cnc(N2CCOCC2)cn1,C1COCCN1.Nc1cnccn1,1
932,CC1CCCC([N+]2(C)CCCC2)C1,CC1CCCC(N2CCCC2)C1.CI,1
952,CCOC(=O)C1(CC)CCN(c2nc(Cl)ns2)CC1,CCOC(=O)C1(CC)CCNCC1.Clc1nsc(Cl)n1,1
958,CCCn1nc2c(N)nc3ccccc3c2c1CC(C)(C)NC(=O)c1cccnc1,CCCn1nc2c(N)nc3ccccc3c2c1CC(C)(C)N.O=C(Cl)c1cccnc1,2
965,O=S1(=O)c2ccccc2C=Cc2ccc(CO)cc21,O=C(O)c1ccc2c(c1)S(=O)(=O)c1ccccc1C=C2,7
970,C=CCN1[C@H]2CC[C@@H](OCc3cc(C(F)(F)F)cc(C(F)(F)F)c3)[C@]1(c1ccccc1)C[C@H]2C#N,C=CCN1C2CCC(O)C1(c1ccccc1)CC2C#N.FC(F)(F)c1cc(CBr)cc(C(F)(F)F)c1,1
1076,Cc1nc(NCCCc2cccc(O)c2)nc(C)c1C(=O)N[C@@H](CNC(=O)c1cccs1)C(=O)OCC(C)(C)C,CC(C)(C)CO.Cc1nc(NCCCc2cccc(O)c2)nc(C)c1C(=O)N[C@@H](CNC(=O)c1cccs1)C(=O)O,2
1107,COCCCCC1(CNC(=O)[C@H]2C[C@H](C(=O)NCCc3ccccc3)CN(C(=O)OC(C)(C)C)C2)c2ccccc2Oc2ccccc21,COCCCCC1(CNC(=O)[C@H]2C[C@H](C(=O)O)CN(C(=O)OC(C)(C)C)C2)c2ccccc2Oc2ccccc21.NCCc1ccccc1,2
1112,COC(=O)c1ccc2c(c1)c(Cc1ccc(C(=O)O)cc1OC)cn2C,COC(=O)c1ccc(Cc2cn(C)c3ccc(C(=O)OC)cc23)c(OC)c1,6
1121,Cc1ccc(CCNC(=O)[C@H](CCCNC(=O)OC(C)(C)C)N(C)Cc2ccccc2)cc1,CN(Cc1ccccc1)[C@@H](CCCNC(=O)OC(C)(C)C)C(=O)O.Cc1ccc(CCN)cc1,2
1123,CCCc1c(C(=O)OCC)oc2cccc(OCCCNC(C)(C)C)c12,CCCc1c(C(=O)OCC)oc2cccc(OCCCN(C(=O)OC(C)(C)C)C(C)(C)C)c12,6
1147,Cn1cc(OCCCc2nc3ccccc3n2C)c(=O)c(-c2ccnn2-c2ccccc2)n1,Cn1c(CCCO)nc2ccccc21.Cn1cc(O)c(=O)c(-c2ccnn2-c2ccccc2)n1,1
1149,CC(C)(Cc1c[nH]c2c(Oc3ncccc3C#N)cccc12)NC(=O)OC(C)(C)C,CC(C)(Cc1c[nH]c2c(O)cccc12)NC(=O)OC(C)(C)C.N#Cc1cccnc1Cl,1
1190,C[C@@H]1CN(C)CCN1c1nc(Cl)nc(NNC(=O)[C@H](CC2CCCC2)CN(C=O)OCc2ccccc2)c1F,C[C@@H]1CN(C)CCN1c1nc(Cl)nc(NN)c1F.O=CN(C[C@@H](CC1CCCC1)C(=O)O)OCc1ccccc1,2
1217,Fc1cccc(OCC2CCOC2)c1Nc1nc(Cl)ncc1Cl,OCC1CCOC1.Oc1cccc(F)c1Nc1nc(Cl)ncc1Cl,1
1247,COc1ccc(CNCc2csnn2)c(OC)c1,COc1ccc(CN)c(OC)c1.O=Cc1csnn1,1
1310,O=C(N1CCC(c2ccc(S(=O)(=O)Nc3ncns3)cc2)CC1)C(F)(F)F,Nc1ncns1.O=C(N1CCC(c2ccc(S(=O)(=O)Cl)cc2)CC1)C(F)(F)F,2
1339,O=C(CC1CN2CCC1CC2)Nc1cccc(-c2ccc(CO)cc2)c1,O=C(CC1CN2CCC1CC2)Nc1cccc(Br)c1.OCc1ccc(B(O)O)cc1,3
1369,Cc1cc(Oc2ccc(Nc3cc(-c4ccc(O)cc4)nc(N)n3)cc2)ccn1,COc1ccc(-c2cc(Nc3ccc(Oc4ccnc(C)c4)cc3)nc(N)n2)cc1,6
1372,CCCNCCC(c1ccccc1)c1ccccc1,CCC=O.NCCC(c1ccccc1)c1ccccc1,1
1373,CCOCCOc1ccc(-c2ccc3c(c2)C=C(C(=O)O)CCN3C=O)cc1,CCOCCOc1ccc(-c2ccc3c(c2)C=C(C(=O)OC)CCN3C=O)cc1,6
1402,Cc1cccc2cc(C=O)n(C)c12,CN(C)C=O.Cc1cccc2ccn(C)c12,3
1413,C(=C1CCNCC1)c1cccc(OCc2ccccc2)c1,CC(C)(C)OC(=O)N1CCC(=Cc2cccc(OCc3ccccc3)c2)CC1,6
1441,COC(=O)C(C(=O)OC)C(Cc1c(N)cccc1C(F)(F)F)c1ccc(OC)cc1,COC(=O)C(C(=O)OC)C(Cc1c([N+](=O)[O-])cccc1C(F)(F)F)c1ccc(OC)cc1,7
1470,COc1ccc(-c2cc3nccn3c(N3CCN(c4ccc(F)cc4)CC3)n2)cc1OC,COc1ccc(-c2cc3nccn3c(Cl)n2)cc1OC.Fc1ccc(N2CCNCC2)cc1,1
1479,O=S(=O)(Cl)c1ccc(CBr)cc1,Cc1ccc(S(=O)(=O)Cl)cc1.O=C1CCC(=O)N1Br,10
1498,CCOC(=O)C(O)c1csc(NS(C)(=O)=O)n1,CCOC(=O)C(=O)c1csc(NS(C)(=O)=O)n1,7
1509,CCC(=O)[O-],Nc1ccc2[nH]c(=O)c3[nH]ccc3c2c1.O=C(Cl)c1ccccc1,2
1568,CC(C)c1noc(N2CCC(Oc3ncnc4c3cnn4-c3ccc(S(C)(=O)=O)cc3F)CC2)n1,CC(C)c1noc(N2CCC(O)CC2)n1.CS(=O)(=O)c1ccc(-n2ncc3c(Cl)ncnc32)c(F)c1,1
1575,CCOC(=O)C(Cc1cccc(OCCc2ccc(OS(C)(=O)=O)cc2)c1)OCC,CCOC(=O)C(=Cc1cccc(OCCc2ccc(OS(C)(=O)=O)cc2)c1)OCC,7
1576,CC(C)CNC[C@@H](O)[C@H](Cc1ccc(O)cc1)NC(=O)OC(C)(C)C,CC(C)CNC[C@@H](O)[C@H](Cc1ccc(OCc2ccccc2)cc1)NC(=O)OC(C)(C)C,6
1597,COC(=O)[C@@H](N)Cc1ccc(OC(=O)NC(C)C)cc1,COC(=O)[C@H](Cc1ccc(OC(=O)NC(C)C)cc1)NC(=O)OC(C)(C)C,6
1606,C#Cc1cc(C=O)c(N2C[C@H](C)O[C@H](C)C2)c(F)c1F,C[C@H]1CN(c2c(C=O)cc(C#C[Si](C)(C)C)c(F)c2F)C[C@@H](C)O1,6
1617,O=C(Nc1ccccc1OCCCO)c1cc(Cl)c(OCc2ccccc2)c(Cl)c1,CC(C)(C)[Si](C)(C)OCCCOc1ccccc1NC(=O)c1cc(Cl)c(OCc2ccccc2)c(Cl)c1,6
1618,COc1ccc(N(C(=O)CN2C(=O)Cc3nnc(C4CCCCC4)n3-c3ccccc32)C(C)C)cn1,COc1ccc(N(C(=O)CBr)C(C)C)cn1.O=C1Cc2nnc(C3CCCCC3)n2-c2ccccc2N1,1
1626,C[C@H](NC(=O)c1ncc2onc(-c3ccccc3)c2c1O)C(=O)O,CCOC(=O)c1ncc2onc(-c3ccccc3)c2c1O.C[C@H](N)C(=O)O,2
1650,COc1cc2c(cc1OC)CC(=O)N(CCCN(C)C[C@H]1Cc3cc(OC)c(OC)cc31)CC2,C=O.COc1cc2c(cc1OC)CC(=O)N(CCCNC[C@H]1Cc3cc(OC)c(OC)cc31)CC2,1
1655,O=C(c1ccc(F)cc1)C1CCN(CCCO)CC1,O=C(c1ccc(F)cc1)C1CCNCC1.OCCCCl,1
1660,CCC(C)(Br)C(=O)OC(C)(C)C,C=C(C)C.CCC(C)(Br)C(=O)O,1
1671,COc1ccccc1CNCCCCNC(=O)c1ccc(CN(Cc2ncc[nH]2)Cc2ncc[nH]2)cc1,COc1ccccc1C=O.NCCCCNC(=O)c1ccc(CN(Cc2ncc[nH]2)Cc2ncc[nH]2)cc1,1
1683,CC1C[N+](C)(Cc2ccccc2)CCC1=O,CC1CN(Cc2ccccc2)CCC1=O.CI,1
1684,CN1C(=O)C(CCN2CCN(c3ccc(F)cc3)CC2)Sc2ccccc21,CN1C(=O)C(CCCl)Sc2ccccc21.Fc1ccc(N2CCNCC2)cc1,1
1691,CCC(O)(CC)Cn1nc(-c2c(C)n(CC(=O)O)c3ccc(F)cc23)c2ccccc2c1=O,CCC(O)(CC)Cn1nc(-c2c(C)n(CC(=O)OC(C)(C)C)c3ccc(F)cc23)c2ccccc2c1=O,6
1702,CCOC(=O)[C@@H](CCCCCCC1CCN(C(=O)OCc2ccccc2)CC1)N[C@H]1COc2ccccc2N(CC(=O)OC(C)(C)C)C1=O,CC(C)(C)OC(=O)CN1C(=O)[C@@H](N)COc2ccccc21.CCOC(=O)C(=O)CCCCCCC1CCN(C(=O)OCc2ccccc2)CC1,1
1726,COC(=O)c1ccc(-c2cnc(N)c(C(=O)Nc3ccncc3)c2)cc1F,COC(=O)c1ccc(B(O)O)cc1F.Nc1ncc(Br)cc1C(=O)Nc1ccncc1,3
1730,CCc1c(-c2cn(-c3cc(C(=O)Nc4cc(C(C)(C)C)cc(NS(C)(=O)=O)c4C)ccc3C)cn2)cnn1-c1ccccc1,CCc1c(-c2cn(-c3cc(C(=O)OC)ccc3C)cn2)cnn1-c1ccccc1.Cc1c(N)cc(C(C)(C)C)cc1NS(C)(=O)=O,2
1732,Cn1c(Nc2nc3ccc(Cl)cc3s2)nc2cc(C(=O)N[C@@H]3CCNC3)ccc21,Cn1c(Nc2nc3ccc(Cl)cc3s2)nc2cc(C(=O)N[C@@H]3CCN(C(=O)OC(C)(C)C)C3)ccc21,6
1737,NNC(=O)c1ncccc1O,COC(=O)c1ncccc1O.NN,2
1758,COC(=O)C(C)c1ccc(-c2ccc(-c3nc(C(N)=O)c(C)nc3C)cc2)c(Cl)c1,COC(=O)C(C)c1ccc(B2OC(C)(C)C(C)(C)O2)c(Cl)c1.Cc1nc(C)c(-c2ccc(OS(=O)(=O)C(F)(F)F)cc2)nc1C(N)=O,3
1780,CC(=O)Nc1cc2c3c(c1)c1c(n3CCC2)CCCC1,CC(=O)OC(C)=O.Nc1cc2c3c(c1)c1c(n3CCC2)CCCC1,2
1783,CC(=O)C(C(N)=O)c1ccc(C(C)C)cc1,CC(C)c1ccc(C(C(N)=O)C2(C)OCCO2)cc1,6
1793,CN1CCN(C(=O)c2cc3nccc(Oc4ccc(NC(=O)c5ccnn(-c6ccc(F)cc6)c5=O)cc4F)c3s2)CC1,CN1CCNCC1.O=C(O)c1cc2nccc(Oc3ccc(NC(=O)c4ccnn(-c5ccc(F)cc5)c4=O)cc3F)c2s1,2
1795,CC(C)Oc1ccc(-c2nc(-c3cccc(CCCC(=O)O)c3C(F)(F)F)no2)cc1C#N,CCOC(=O)CCCc1cccc(-c2noc(-c3ccc(OC(C)C)c(C#N)c3)n2)c1C(F)(F)F,6
1835,CC(=O)NCCn1ccc2c1-c1ccc(Cl)cc1CC2,CC(=O)NCCN.O=CCC1CCc2cc(Cl)ccc2C1=O,4
1862,COC(=O)NC(=S)Nc1ccc(SCSC)cc1[N+](=O)[O-],COC(=O)N=C=S.CSCSc1ccc(N)c([N+](=O)[O-])c1,2
1880,O=C1CCc2cc(C(O)c3ccccc3)ccc2N1,O=C1CCc2cc(C(=O)c3ccccc3)ccc2N1,7
1915,CCOc1cc(CCN2CCN(C)CC2)ccc1Nc1nccc(-c2c(-c3ccc(OC)c(C(=O)Nc4c(F)cccc4F)c3)nc3ccccn23)n1,CCOc1cc(CCN2CCN(C)CC2)ccc1N.COc1ccc(-c2nc3ccccn3c2-c2ccnc(Cl)n2)cc1C(=O)Nc1c(F)cccc1F,1
1923,COCCc1cc(C)c(C)c(C(=O)OC)c1,CI.COC(=O)c1cc(CCO)cc(C)c1C,1
2020,CCC(C)(C)Cc1cn(S(=O)(=O)N(C)C)cn1,CCC(C)(C)Cc1c[nH]cn1.CN(C)S(=O)(=O)Cl,2
2025,OCCc1nccn1CCCc1ccc(O)cc1,OCCc1nccn1CCCc1ccc(OCc2ccccc2)cc1,6
2029,Oc1ccc2c(N=Cc3ccccc3)cccc2c1,Nc1cccc2cc(O)ccc12.O=Cc1ccccc1,1
2045,CCOC(=O)COc1cc(C2CCCN(C(=O)c3sc(-c4ccc(C(F)(F)F)cc4)nc3C)C2)ccc1C,CCOC(=O)COc1cc(C2CCCNC2)ccc1C.Cc1nc(-c2ccc(C(F)(F)F)cc2)sc1C(=O)O,2
2067,COc1ccc(C2CNC2)cc1,COc1ccc(C2CN(C(=O)OC(C)(C)C)C2)cc1,6
2152,O=C(O)c1cccc2ncsc12,COC(=O)c1cccc2ncsc12,6
2165,COc1cc(O)c2c(c1C(=O)NCc1ccc(C)c3ccccc13)OC1=CC(O)=C(C(C)=O)C(=O)[C@]12C,COc1cc(O)c2c(c1C(N)=O)OC1=CC(O)=C(C(C)=O)C(=O)[C@]12C.Cc1ccc(C=O)c2ccccc12,1
2189,CC(C)(CC1(C(F)(F)F)CO1)c1cccc(C2(C)OCCO2)c1,CC(C)(CC(=O)C(F)(F)F)c1cccc(C2(C)OCCO2)c1.C[S+](C)(C)=O,4
2221,Cc1ccc2c(c1)C(C(=O)Nc1c(C(C)C)cccc1C(C)C)c1ccccc1CO2,CC(C)c1cccc(C(C)C)c1N.Cc1ccc2c(c1)C(C(=O)O)c1ccccc1CO2,2
2286,CCOC(=O)c1cc(C)ccc1F,CC(=O)Cl.Cc1ccc(F)c(C(=O)O)c1,2
2287,Clc1ccc([C@@H]2O[C@H](COCc3ccccc3)[C@@H](OCc3ccccc3)[C@H](OCc3ccccc3)[C@H]2OCc2ccccc2)cc1Cc1ccc(-c2ncccn2)s1,CCCC[Sn](CCCC)(CCCC)c1ncccn1.Clc1ccc([C@@H]2O[C@H](COCc3ccccc3)[C@@H](OCc3ccccc3)[C@H](OCc3ccccc3)[C@H]2OCc2ccccc2)cc1Cc1ccc(Br)s1,3
2288,NCCC1(O)C2=C(C=CCS2)Oc2ccccc21,N#CCC1(O)C2=C(C=CCS2)Oc2ccccc21,7
2303,N=C(N)N1CCCc2ccc(OCC3(C(=O)O)CCN(c4ccncc4)CC3)cc2C1,CCOC(=O)C1(COc2ccc3c(c2)CN(C(=N)N)CCC3)CCN(c2ccncc2)CC1,6
2310,CN1CCN(Cc2c(CO)c(Cl)nc3cc4c(cc23)OCCO4)CC1,COC(=O)c1c(Cl)nc2cc3c(cc2c1CN1CCN(C)CC1)OCCO3,7
2328,CCOC(Cc1ccc(C(C)(C)O[SiH2]C(C)(C)C)cc1)C(=O)OCC(Cl)(Cl)Cl,CCOC(Cc1ccc(C(C)(C)O[SiH2]C(C)(C)C)cc1)C(=O)O.OCC(Cl)(Cl)Cl,2
2453,CCOC(=O)C(C)(C)c1cc(Br)c2[nH]c(-c3ccc(OC(F)(F)F)cc3)cc2c1,CCOC(=O)C(C)(C)c1cc(Br)c(N)c(C#Cc2ccc(OC(F)(F)F)cc2)c1,4
2458,Cc1cc(Oc2ccccc2NC(=O)Nc2ccc(C3CC3)cc2)n(-c2ccccc2Cl)n1,Cc1cc(Oc2ccccc2N=C=O)n(-c2ccccc2Cl)n1.Nc1ccc(C2CC2)cc1,2
2464,CC1(C)CC(O)CC(C)(C)O1,CC1(C)CC(=O)CC(C)(C)O1,7
2516,CCCN(CCC)C(=O)c1cc(CC#N)cc(C(=O)OCC)c1,CCCN(CCC)C(=O)c1cc(CBr)cc(C(=O)OCC)c1.[C-]#N,9
2542,C=CC(O)(c1cc(Cl)c(Cl)c(Cl)c1)C(F)(F)F,C=C[Mg+].O=C(c1cc(Cl)c(Cl)c(Cl)c1)C(F)(F)F,3
2609,O=C1CCC(N2Cc3cc(CNC(=O)Nc4cc(Cl)cc(Cl)c4)ccc3C2=O)C(=O)N1,NCc1ccc2c(c1)CN(C1CCC(=O)NC1=O)C2=O.O=C=Nc1cc(Cl)cc(Cl)c1,2
2614,CCCC(CC(=O)O)Cc1ccc(F)c(OC)c1,CCCC(CC(=O)OCC)Cc1ccc(F)c(OC)c1,6
2620,C#CCN(CC=O)C(=O)Nc1ncc(I)s1,C#CCNCC=O.O=C=Nc1ncc(I)s1,2
2625,CCOC(=O)/C=C/c1c(O)c(=O)[nH]c2cc(Cl)ccc2c1=O,CCOC(=O)C=Cc1c(OC)c(=O)[nH]c2cc(Cl)ccc2c1=O,6
2650,COC(=O)c1ccc(Nc2ncc(-c3ccc(OC)cc3)cn2)cc1,COC(=O)c1ccc(Nc2ncc(Br)cn2)cc1.COc1ccc(B(O)O)cc1,3
2688,Cc1ccc2cccc(OCc3c(Cl)ccc([N+](=O)[O-])c3Cl)c2n1,Cc1ccc2cccc(O)c2n1.O=[N+]([O-])c1ccc(Cl)c(CCl)c1Cl,1
2689,CC(C)(O)C#Cc1cccc(Br)n1,C#Cc1cccc(Br)n1.CC(C)=O,3
2692,COCCOc1ccc(C(=O)Nc2sc(Nc3ccnc(F)c3)nc2C(N)=O)cc1[N+](=O)[O-],COCCOc1ccc(C(=O)O)cc1[N+](=O)[O-].NC(=O)c1nc(Nc2ccnc(F)c2)sc1N,2
2732,O=[N+]([O-])c1ccc(OCCn2cccn2)cc1,O=[N+]([O-])c1ccc(F)cc1.OCCn1cccn1,1
2737,CC[C@H](C)[C@H](N)C(=O)N(C(=O)[C@@H]1CCCN1CC(=O)c1ccc(-c2ccccc2)cc1)C(C)(C)C,CC[C@H](C)[C@H](N)C(=O)NC(C)(C)C.O=C(CN1CCC[C@H]1C(=O)O)c1ccc(-c2ccccc2)cc1,2
2751,N#Cc1cc(-c2ccc(Cl)cc2)c(-c2ccccc2Cl)nc1N,NC(=O)c1cc(-c2ccc(Cl)cc2)c(-c2ccccc2Cl)nc1N,9
2755,COc1cnc(Cn2ccnc2-c2ncccn2)c(OC)n1,COc1cnc(Cn2ccnc2-c2ncccn2)c(Cl)n1.C[O-],1
2760,O=C(O)[C@@H]1C[C@H]1c1ccncc1,CCOC(=O)[C@@H]1C[C@H]1c1ccncc1,6
2864,COc1cccc(CN2CCCCC2=O)c1,COc1cccc(CCl)c1.O=C1CCCCN1,1
2867,O=C1CCN(c2ccc(-c3c4cccc(C(F)(F)F)c4nn3Cc3c(F)cc(F)cc3F)cc2)CC1,Fc1cc(F)c(Cn2nc3c(C(F)(F)F)cccc3c2-c2ccc(N3CCC4(CC3)OCCO4)cc2)c(F)c1,6
2906,Cc1ccccc1NC(=O)c1c(N)cccc1Cl,Cc1ccccc1NC(=O)c1c(Cl)cccc1[N+](=O)[O-],7
2954,O=C(c1cc(Cl)c(O)c(Cl)c1)N1CS(=O)(=O)c2ccccc21,COc1c(Cl)cc(C(=O)N2CS(=O)(=O)c3ccccc32)cc1Cl,6
2955,CC(C)(C)OC(=O)N1CC2CN(Cc3cc4nc(Cl)nc(N5CCOCC5)c4s3)CC2C1,CC(C)(C)OC(=O)N1CC2CNCC2C1.Clc1nc(N2CCOCC2)c2sc(CBr)cc2n1,1
2957,Cn1c(CN2CC(C3CCOCC3)C2)nc2c(N3CCOCC3)nc(Cl)nc21,C1CC(C2CNC2)CCO1.Cn1c(C=O)nc2c(N3CCOCC3)nc(Cl)nc21,1
3015,C=CCc1cnc(N)cn1,CN(C)C=O.Nc1cnc(Br)cn1,3
3017,CCCCCc1cccc(CNC(=O)c2ccc(C)nc2N)c1,CCCCCc1cccc(CN)c1.Cc1ccc(C(=O)O)c(N)n1,2
3019,CCN1CCN(c2ccc(CN3C(=O)C(CC(C)C)n4c3nc3ccccc3c4=O)cc2)CC1,CC(C)CC1C(=O)N(Cc2ccc(N3CCNCC3)cc2)c2nc3ccccc3c(=O)n21.CCI,1
3027,CCC(CC)(c1ccc(OCC(O[Si](C)(C)C(C)(C)C)C(C)(C)C)c(C)c1)c1cc(C)c(CO)s1,CCC(CC)(c1ccc(OCC(O[Si](C)(C)C(C)(C)C)C(C)(C)C)c(C)c1)c1cc(C)c(C(=O)OC)s1,7
3034,CN1CCN(c2ccc(-c3ccc4c(c3)C=C(C(=O)Nc3ccc(CN(C)C5CCOCC5)cc3)CCO4)cc2)CC1,CN(Cc1ccc(N)cc1)C1CCOCC1.CN1CCN(c2ccc(-c3ccc4c(c3)C=C(C(=O)O)CCO4)cc2)CC1,2
3043,COCC1CCCN(c2nc3cc(C(=O)O)ccc3nc2-c2ccc(F)cc2)C1,COCC1CCCN(c2nc3cc(C(=O)OC)ccc3nc2-c2ccc(F)cc2)C1,6
3045,COC[C@H](C)COCc1ccc([C@@]2(O)CCN(C(=O)OC(C)(C)C)C[C@@H]2c2ccc(-c3ccccc3CCN)cc2C)cc1,COC[C@H](C)COCc1ccc([C@@]2(O)CCN(C(=O)OC(C)(C)C)C[C@@H]2c2ccc(-c3ccccc3CCNC(=O)OCc3ccccc3)cc2C)cc1,6
3050,CC(C)(C)OC(=O)N1CCC(NCc2ccc(Cl)cc2Cl)CC1,CC(C)(C)OC(=O)N1CCC(=O)CC1.NCc1ccc(Cl)cc1Cl,1
3060,COc1cccc(NC(=O)C(C)(C)c2ccc(S(=O)(=O)/C=C/C#N)cc2)c1,CC(C)(C(=O)O)c1ccc(S(=O)(=O)/C=C/C#N)cc1.COc1cccc(N)c1,2
3077,CCOC(=O)CNC(=O)c1ccc(S(=O)(=O)Nc2ccccc2Oc2ccc(Br)cc2Cl)cc1,CCOC(=O)CN.O=C(O)c1ccc(S(=O)(=O)Nc2ccccc2Oc2ccc(Br)cc2Cl)cc1,2
3082,O=C1Nc2ccccc2OC1=Cc1ccc[nH]1,O=C1COc2ccccc2N1.O=Cc1ccc[nH]1,3
3133,O=C(N[C@@H]1CN2CCC1CC2)c1ccccc1Cc1ccccc1,NC1CN2CCC1CC2.O=C(O)c1ccccc1Cc1ccccc1,2
3139,CS(=O)(=O)c1cccc(-c2nnc(-c3cc(C(=O)O)nn3-c3ccccc3Cl)o2)c1,COC(=O)c1cc(-c2nnc(-c3cccc(S(C)(=O)=O)c3)o2)n(-c2ccccc2Cl)n1,6
3148,CS(=O)(=O)c1cccc(NC(=O)c2cnn3c(C(F)(F)F)cc(-c4ccc(C(F)(F)F)c(Cl)c4)nc23)c1,CS(=O)(=O)c1cccc(N)c1.O=C(O)c1cnn2c(C(F)(F)F)cc(-c3ccc(C(F)(F)F)c(Cl)c3)nc12,2
3149,CCc1cnc(Cl)c(-n2ncc(C(=O)O)c2C)c1,CCOC(=O)c1cnn(-c2cc(CC)cnc2Cl)c1C,6
3206,CCN(c1cncc(C(=O)O)c1C)C1CCOCC1,CCN(c1cncc(C(=O)OC)c1C)C1CCOCC1,6
3231,CSc1nccc(-c2ccc(Cl)cc2)n1,CSc1nccc(Cl)n1.OB(O)c1ccc(Cl)cc1,3
3244,COc1cncnc1N1CCN(CCCc2c[nH]c3ccc(NC(=O)C(F)(F)F)cc23)CC1,COc1cncnc1N1CCN(CCCc2c[nH]c3ccc(N)cc23)CC1.O=C(OC(=O)C(F)(F)F)C(F)(F)F,5
3245,NCCC[C@H](NC(=O)c1cccn(Cc2ccccc2C(F)(F)F)c1=O)C(=O)O,CC(C)(C)OC(=O)NCCC[C@H](NC(=O)c1cccn(Cc2ccccc2C(F)(F)F)c1=O)C(=O)O,6
3265,CN(C)CCCN1CCN(C(=O)c2ccc(S(=O)(=O)Nc3ccccc3Oc3ccc(Cl)cc3Cl)cc2)CC1,CN(C)CCCN1CCNCC1.O=C(O)c1ccc(S(=O)(=O)Nc2ccccc2Oc2ccc(Cl)cc2Cl)cc1,2
3281,COC(=O)COc1ccc(OC/C=C(/c2ccc(Cl)cc2)c2ccc(C#CCn3cccn3)cc2)cc1C,C#CCn1cccn1.COC(=O)COc1ccc(OC/C=C(/c2ccc(Cl)cc2)c2ccc(I)cc2)cc1C,3
3299,CN(Cc1cccc(Nc2sc(-c3ccc(F)cc3)cc2C(N)=O)n1)C(=O)OC(C)(C)C,CN(Cc1cccc(Br)n1)C(=O)OC(C)(C)C.NC(=O)c1cc(-c2ccc(F)cc2)sc1N,1
3316,CNC(=O)C(Cc1ccc2ccccc2c1)N1CCN(C(=O)C(N)Cc2ccc(F)cc2)C(COC)C1,CNC(=O)C(Cc1ccc2ccccc2c1)N1CCN(C(=O)C(Cc2ccc(F)cc2)NC(=O)OC(C)(C)C)C(COC)C1,6
3325,COc1ccc(NC(=O)Nc2ccc(Br)cc2)cc1-c1c(F)cnn1C,COc1ccc(N)cc1-c1c(F)cnn1C.O=C=Nc1ccc(Br)cc1,2
3333,NC(=O)c1ccsc1-c1n[nH]c2c(F)c(-c3ccc(N)c(F)c3)ccc12,CC(C)(C)OC(=O)Nc1ccc(-c2ccc3c(-c4sccc4C(N)=O)n[nH]c3c2F)cc1F,6
3352,O=c1c2ccccc2nc(S(=O)Cc2ccncc2)n1-c1ccccc1,O=C(OO)c1cccc(Cl)c1.O=c1c2ccccc2nc(SCc2ccncc2)n1-c1ccccc1,8
3381,CCn1cc(-c2cccc(NC(=O)Nc3ccccc3Cl)c2)c(-c2ccncc2)n1,CCn1cc(-c2cccc(N)c2)c(-c2ccncc2)n1.O=C=Nc1ccccc1Cl,2
3392,C[C@H](O)C(=O)N1CCN(c2nc3c(N4CCOCC4)nc(-c4cnc(N)nc4)nc3n2CC(F)(F)F)C[C@H]1C,C[C@@H]1CN(c2nc3c(N4CCOCC4)nc(-c4cnc(N)nc4)nc3n2CC(F)(F)F)CCN1.C[C@H](O)C(=O)O,2
3399,CCCO[C@H]1CCC[C@H]([NH3+])C(=O)O[C@@H](C)[C@@H]1CCC(C)C,CCCO[C@H]1CCC[C@H](NC(=O)OC(C)(C)C)C(=O)O[C@@H](C)[C@@H]1CCC(C)C.ClCCl,6
3411,Cc1ccc(Sc2cc(C(=O)O)co2)cc1,Cc1ccc(S)cc1.O=C(O)c1coc(Br)c1,1
3448,Cc1cc(Cl)cnc1C(=O)Nc1ccc(F)c(C2(C)CC(C(F)(F)F)OC(N)=N2)c1,Cc1cc(Cl)cnc1C(=O)Nc1ccc(F)c([C@]2(C)C[C@@H](C(F)(F)F)OC(NC(=O)c3ccccc3)=N2)c1,6
3460,CNc1nc(C2(C(=O)O)C=CON2)cs1,CCOC(=O)C1(c2csc(NC)n2)C=CON1,6
3464,C=CCO[C@H]1CN(c2nc(-c3ncnn3C)c(C(=O)OC)s2)CC[C@H]1NC(=O)c1[nH]c(C)c(Cl)c1Cl,C=CCO[C@H]1CNCC[C@H]1NC(=O)c1[nH]c(C)c(Cl)c1Cl.COC(=O)c1sc(Cl)nc1-c1ncnn1C,1
3481,CCCCCCCCC(CC)Nc1ncnc(CC)c1Cl,CCCCCCCCC(N)CC.CCc1ncnc(Cl)c1Cl,1
3485,COc1ccc(-c2ccnc3[nH]ccc23)cc1OC,COc1ccc(B(O)O)cc1OC.Clc1ccnc2[nH]ccc12,3
3495,CC(=O)NC(CSC(=O)c1ccc(C)cc1)C(=O)O,CC(=O)N[C@@H](CS)C(=O)O.Cc1ccc(C(=O)Cl)cc1,1
3497,COC1Cc2c(C)c(O)c(C)c(C)c2OC12CCC2,CI.Cc1c(C)c2c(c(C)c1O)CC(O)C1(CCC1)O2,1
3501,Cc1c(Cl)nc(NC[C@@H]2COCCN2Cc2ccccc2)c(=O)n1CC(=O)OCc1ccccc1,Cc1c(Cl)nc(Cl)c(=O)n1CC(=O)OCc1ccccc1.NC[C@@H]1COCCN1Cc1ccccc1,1
3529,O=C(Nc1ccc(C(=O)N2Cc3ccccc3Cc3ccccc32)cc1)c1ccc(F)cc1F,Nc1ccc(C(=O)N2Cc3ccccc3Cc3ccccc32)cc1.O=C(Cl)c1ccc(F)cc1F,2
3532,CC1CCCCC1Nc1c(C(F)(F)F)cc([N+](=O)[O-])c2nc(C(F)(F)F)[nH]c12,CC1CCCCC1N.O=[N+]([O-])c1cc(C(F)(F)F)c(Cl)c2[nH]c(C(F)(F)F)nc12,1
3548,Cc1c(NC(=O)c2ccccc2F)cn2ncc(C#N)c(Nc3ccc(Oc4ccccc4)cc3)c12,Cc1c(N)cn2ncc(C#N)c(Nc3ccc(Oc4ccccc4)cc3)c12.O=C(O)c1ccccc1F,2
3643,CCOC(=O)c1cc2cc(Br)ccc2n1Cc1ccc(C)cc1,CCOC(=O)c1cc2cc(Br)ccc2[nH]1.Cc1ccc(CBr)cc1,1
3677,CC(C)Nc1cncnc1,CC(C)=O.Nc1cncnc1.O=[Pt]=O,1
3767,CN(C1(C(=O)O)CCCC1)S(=O)(=O)c1ccc2c(Cl)cnc(NC(=N)N)c2c1,CCOC(=O)C1(N(C)S(=O)(=O)c2ccc3c(Cl)cnc(NC(=N)N)c3c2)CCCC1,6
3771,COc1ccc(Nc2nc(N3CCC(NC(=O)c4ccc5[nH]ncc5c4)C3)nc3scnc23)cc1OC,COc1ccc(Nc2nc(N3CCC(N)C3)nc3scnc23)cc1OC.O=C(O)c1ccc2[nH]ncc2c1,2
3773,CC(C)c1nn(Cc2cc(=O)[nH]c3c(F)c(F)ccc23)c2ccccc12,CC(C)c1n[nH]c2ccccc12.O=c1cc(CBr)c2ccc(F)c(F)c2[nH]1,1
3787,C[C@@H](Cn1ccc(-c2ccc(C#N)c(Cl)c2)n1)NC(=O)c1cscn1,C[C@H](N)Cn1ccc(-c2ccc(C#N)c(Cl)c2)n1.O=C(O)c1cscn1,2
3815,Cc1ccccc1[C@H](C/C(=N\O)C1CCC(=O)N(C)C1)c1ccc(N2CCC(C(=O)[O-])CC2)cc1,Cc1ccccc1[C@H](CC(=O)C1CCC(=O)N(C)C1)c1ccc(N2CCC(C(=O)[O-])CC2)cc1.NO,9
3838,Cc1ccc(C(=O)Nc2ccc3[nH]ccc3c2)cc1Cl,Cc1ccc(C(=O)O)cc1Cl.Nc1ccc2[nH]ccc2c1,2
3883,CC(O)(CN1CCCCC1)C1(c2ccc(Cl)c(Cl)c2)CCC1,C[Mg+].O=C(CN1CCCCC1)C1(c2ccc(Cl)c(Cl)c2)CCC1,3
3885,O=C1C(c2cc3c(cc2O)OCC3)c2cc(F)ccc2N1C(c1ccccc1)c1ccccc1,O=C1N(C(c2ccccc2)c2ccccc2)c2ccc(F)cc2C1(O)c1cc2c(cc1O)OCC2,9
3934,C=C[C@H]1CN2CC[C@H]1C[C@H]2[C@H](OC(=O)c1ccc(OCCCCCC)cc1)c1ccnc2ccccc12,C=C[C@H]1CN2CC[C@H]1C[C@H]2[C@H](O)c1ccnc2ccccc12.CCCCCCOc1ccc(C(=O)O)cc1,2
3995,COc1ccc2c(/C=C/C(N)=O)cc(=O)n(CC=O)c2c1,COc1ccc2c(/C=C/C(N)=O)cc(=O)n(CC3OCCO3)c2c1,6
4001,CCCNc1nc(Nc2cccc(F)c2)ncc1C#C[C@@H]1CCC[C@H](N)C1,CCCNc1nc(Nc2cccc(F)c2)ncc1C#C[C@@H]1CCC[C@H](NC(=O)OC(C)(C)C)C1,6
4024,Cn1c(=O)c2cc(C(=O)O)cn2c2ccccc21,CCOC(=O)c1cc2c(=O)n(C)c3ccccc3n2c1,6
4052,O=C(O)C1C(C(=O)Nc2ccc(Cl)cc2)C1C(=O)Nc1ccc(-n2ccccc2=O)cc1F,CCOC(=O)C1C(C(=O)Nc2ccc(Cl)cc2)C1C(=O)Nc1ccc(-n2ccccc2=O)cc1F,6
4071,CN1CCC(CC(C(=O)O)c2ccc(/C=C/C(=O)Nc3ccccc3NC(=O)OC(C)(C)C)cc2)CC1,COC(=O)C(CC1CCN(C)CC1)c1ccc(/C=C/C(=O)Nc2ccccc2NC(=O)OC(C)(C)C)cc1,6
4076,O=[N+]([O-])c1cc(C2CCCCC2)ccc1Nc1cccc(-n2cccc2)c1,O=[N+]([O-])c1cc(C2CCCCC2)ccc1Nc1cccc(Br)c1.c1cc[nH]c1,1
4080,N#Cc1cc(F)cc(-c2nc(-c3ccc(C(=O)O)cn3)no2)c1,CC(C)(C)OC(=O)c1ccc(-c2noc(-c3cc(F)cc(C#N)c3)n2)nc1,6
4092,COCOCCOc1ccc(F)c(F)c1C=O,COCOCCBr.O=Cc1c(O)ccc(F)c1F,1
4094,CCCCC(Oc1ccc(CC(=O)O)cc1)c1cccc(-c2ccc(C(F)(F)F)cc2)n1,CCCCC(Oc1ccc(CC(=O)OC)cc1)c1cccc(-c2ccc(C(F)(F)F)cc2)n1,6
4119,OC(c1ccccc1)(c1ccccc1)C1CCN(CCNc2ncccn2)CC1,Clc1ncccn1.NCCN1CCC(C(O)(c2ccccc2)c2ccccc2)CC1,1
4140,C=CCCCC1=CC=CC1,C=CCCCBr.[Mg+]C1=CC=CC1,3
4192,CC(C)(C)OC(=O)NCCc1ccccc1N,CC(C)(C)OC(=O)OC(=O)OC(C)(C)C.NCCc1ccccc1N,5
4222,N[C@@H]1c2ccccc2C[C@H]1NC(=O)c1cc2cc(Cl)sc2[nH]1,CC(C)(C)OC(=O)N[C@@H]1c2ccccc2C[C@H]1NC(=O)c1cc2cc(Cl)sc2[nH]1,6
4250,COc1ccc(Cl)cc1C(=O)/N=c1\sc(C(C)(C)C)cn-1C[C@H]1CCN1,COc1ccc(Cl)cc1C(=O)/N=c1\sc(C(C)(C)C)cn-1C[C@@H]1CCN1C(=O)OC(C)(C)C,6
4264,COC(=O)c1ccnc(OC)c1,COC(=O)c1ccnc(Cl)c1.C[O-],1
4275,Cc1ccc(NC(=O)OCc2ccccc2)cc1C(=O)c1ccc(Nc2ccc(F)cc2F)cc1Cl,Cc1ccc(N)cc1C(=O)c1ccc(Nc2ccc(F)cc2F)cc1Cl.O=C(Cl)OCc1ccccc1,2
4313,CCN1CCc2cc(OC)c(OC)cc2C1C1CC(C(=O)N2CCN(c3ncnc4c3cnn4Cc3ccncc3)CC2)CCC12c1cc(OC)c(OC)cc1CCN2C(=O)CCN(C)C=O,CCN1CCc2cc(OC)c(OC)cc2C1C1CC(C(=O)N2CCN(c3ncnc4c3cnn4Cc3ccncc3)CC2)CCC12c1cc(OC)c(OC)cc1CCN2C(=O)CCNC.O=CO,2
4328,COC(OC)c1ccc2c(n1)NCCC2,COC(OC)c1ccc2cccnc2n1,7
4333,CCc1c(C(=O)C(N)=O)c2cc(OCCCC(=O)O)ccc2n1Cc1ccccc1,CCc1c(C(=O)C(N)=O)c2cc(OCCCC(=O)OC(C)(C)C)ccc2n1Cc1ccccc1,6
4336,COc1cc(N)c(Cl)cc1C(=O)NC1CN(C)N(C(C)C)C1,CC(C)N1CC(N)CN1C.COc1cc(N)c(Cl)cc1C(=O)O,2
4362,Oc1cc(F)cc(-c2ccc3scnc3c2)c1,CC1(C)OB(c2ccc3scnc3c2)OC1(C)C.Oc1cc(F)cc(Br)c1,3
4368,COc1ccc(-c2nc(C(=O)NCC(=O)O)c(O)c3c(-c4ccc(Cl)cc4)nsc23)cc1,CCOC(=O)c1nc(-c2ccc(OC)cc2)c2snc(-c3ccc(Cl)cc3)c2c1O.NCC(=O)O,2
4387,O=C(CCCSc1nc[nH]n1)NC/C=C\COc1cc(CN2CCCCC2)ccn1,O=C(CCCCl)NC/C=C\COc1cc(CN2CCCCC2)ccn1.Sc1nc[nH]n1,1
4403,COc1ccc(-c2ccnc3[nH]c(-c4cncc(C(=O)N5CCN(C)CC5)c4)nc23)cc1,CN1CCNCC1.COc1ccc(-c2ccnc3[nH]c(-c4cncc(C(=O)O)c4)nc23)cc1,2
4404,CC(C)(C)c1ccc(CCC2CCCC2=O)c(C(C)(C)C)c1,COC(=O)C1(CCc2ccc(C(C)(C)C)cc2C(C)(C)C)CCCC1=O,9
4411,CCOCc1nc2c(N)nc3cc(-c4ccccc4)ccc3c2n1CC1CCNCC1,CCOCc1nc2c(N)nc3cc(-c4ccccc4)ccc3c2n1CC1CCN(C(=O)OC(C)(C)C)CC1,6
4412,Nc1ccc2c(c1)OCCN2C(=O)c1cc(Cl)c(O)c(Cl)c1,O=C(c1cc(Cl)c(O)c(Cl)c1)N1CCOc2cc([N+](=O)[O-])ccc21,7
4439,N#Cc1ccc(COc2cc(Cl)ccc2-c2nc3cc(F)c(F)cc3n2CC2CCCCC2)cc1F,N#Cc1ccc(CBr)cc1F.Oc1cc(Cl)ccc1-c1nc2cc(F)c(F)cc2n1CC1CCCCC1,1
4503,O=C(O)c1cncc(-c2ccoc2)c1,COC(=O)c1cncc(-c2ccoc2)c1,6
4522,CCOC(=O)C(C#N)=C1CCN(Cc2ccccc2)CC1(C)c1cccc(Cl)c1,CC1(c2cccc(Cl)c2)CN(Cc2ccccc2)CCC1=O.CCOC(=O)CC#N,3
4568,CN(C)S(=O)(=O)N1CCN(S(=O)(=O)c2ccc(Nc3ccnc4cc(C(F)(F)F)ccc34)cc2)CC1,CN(C)S(=O)(=O)Cl.O=S(=O)(c1ccc(Nc2ccnc3cc(C(F)(F)F)ccc23)cc1)N1CCNCC1,2
4601,CCCCCCCCCCCC(=O)Nc1ccc(C(=O)O)cc1,CCCCCCCCCCCC(=O)Cl.Nc1ccc(C(=O)O)cc1,2
4613,COc1cc(C2Nc3ccc(C(=O)O)cc3CC2(C)C)cc(N2CCOCC2)c1,CCOC(=O)c1ccc2c(c1)CC(C)(C)C(c1cc(OC)cc(N3CCOCC3)c1)N2,6
4619,COCc1cc(OC2CCNCC2)nc(C(F)(F)F)c1,COCc1cc(OC2CCN(C(=O)OC(C)(C)C)CC2)nc(C(F)(F)F)c1,6
4633,COC(=O)C(OC(C)(C)C)c1c(C)nc2sc3c(c2c1-c1ccc2c(c1Cl)CCCO2)CCCC3,CC1(C)OB(c2ccc3c(c2Cl)CCCO3)OC1(C)C.COC(=O)C(OC(C)(C)C)c1c(C)nc2sc3c(c2c1I)CCCC3,3
4661,CC(=O)N1C[C@H](O)C[C@H]1C(=O)N1C[C@@H](N(C)C(=O)C(C)(C)c2cc(C(F)(F)F)cc(C(F)(F)F)c2)[C@H](c2ccccc2)C1,CC(=O)N1C[C@H](O)C[C@H]1C(=O)O.CN(C(=O)C(C)(C)c1cc(C(F)(F)F)cc(C(F)(F)F)c1)[C@@H]1CNC[C@H]1c1ccccc1,2
4704,COC(=O)C1C(c2c(OC)cc(OC)cc2OC)CC(=O)N1C,CI.COC(=O)C1NC(=O)CC1c1c(OC)cc(OC)cc1OC,1
4722,COc1cc(N2CCN(CCO)CC2)ccc1Nc1ncc(C)c(-c2cnc3ccccn23)n1,COc1cc(N2CCN(CCO)CC2)ccc1N.Cc1cnc(Cl)nc1-c1cnc2ccccn12,1
4731,CCN(C)c1ccc(-c2nc3ccc(OC)cc3s2)cn1,CCNC.COc1ccc2nc(-c3ccc(F)nc3)sc2c1,1
4782,COC1(OC)CCC(C)(CO)CC1,COC(=O)C1(C)CCC(OC)(OC)CC1,7
4787,CC(C)C=CN(C(=O)n1cccn1)C(C)(C)C,CC(C)C=CN(C(=O)Cl)C(C)(C)C.c1cn[nH]c1,1
4794,O=CCCCCCCCC1(CCCCc2ccccc2)OCCO1,OCCCCCCCCC1(CCCCc2ccccc2)OCCO1,8
4800,CC(C)OC(OC(C)C)C(C)(C)C(=O)C(C)C(OC(=O)OCC(Cl)(Cl)Cl)C(C)COCc1ccccc1,CC(C)OC(OC(C)C)C(C)(C)C(=O)C(C)C(O)C(C)COCc1ccccc1.O=C(Cl)OCC(Cl)(Cl)Cl,2
4802,CC(C)(C)OC(=O)N1CC[C@H]([C@@H](CN)Oc2ccc(C(F)(F)F)cc2)C1,CC(C)(C)OC(=O)N1CC[C@H]([C@@H](CN=[N+]=[N-])Oc2ccc(C(F)(F)F)cc2)C1,9
4819,O=C(C=Cc1cccs1)Nc1ccccc1C(=O)OC1OC(=O)c2ccccc21,O=C(C=Cc1cccs1)Nc1ccccc1C(=O)O.O=C1OC(Br)c2ccccc21,1
4848,CC(C)c1ccccc1N1CCNCC1,C1CNCCN1.CC(C)c1ccccc1Br,1
4863,CC(C)OC(=O)N1CCC(c2nc3cc(-c4ccc(C=O)cc4)ccc3o2)CC1,CC(C)OC(=O)N1CCC(c2nc3cc(Br)ccc3o2)CC1.O=Cc1ccc(B(O)O)cc1,3
4868,NNC(=O)Cc1c(F)cc2ncc(Br)cc2c1F,NN.O=C(O)Cc1c(F)cc2ncc(Br)cc2c1F,2
4898,CCOC(=O)C1(c2ccc(-c3ccc(-c4onc(C)c4NC(=O)N(C)[C@H](C)c4ccccc4)cc3)cc2)CC1,CCOC(=O)C1(c2ccc(B3OC(C)(C)C(C)(C)O3)cc2)CC1.Cc1noc(-c2ccc(Br)cc2)c1NC(=O)N(C)[C@H](C)c1ccccc1,3
4899,Nc1cnc(-c2ccccn2)nc1O,O=C(Nc1cnc(-c2ccccn2)nc1O)OCc1ccccc1,6
4900,CCOC(=O)CCc1cn(Cc2ccccc2)nc1C(C)C,CCOC(=O)/C=C/c1cn(Cc2ccccc2)nc1C(C)C,7
4903,O=C(CC1(NC(=O)OCc2ccccc2)COC1)OCC(=O)c1ccc(C(F)(F)F)cc1,O=C(CBr)c1ccc(C(F)(F)F)cc1.O=C(O)CC1(NC(=O)OCc2ccccc2)COC1,1
4908,CC(C)NCc1nc(-c2cncnc2)no1,CC(C)N.ClCc1nc(-c2cncnc2)no1,1
4923,CC1(N)CCN(c2cnccn2)CC1,CC1(NC(=O)OC(C)(C)C)CCN(c2cnccn2)CC1,6
4936,C[C@H](O)CONC(=O)c1cc(F)c2cncn2c1Nc1ccc(Br)cc1F,COC(=O)c1cc(F)c2cncn2c1Nc1ccc(Br)cc1F.C[C@H](O)CON,2
4950,Cc1nn(C)c(C(N)=O)c1N,Cc1nn(C)c(C(N)=O)c1[N+](=O)[O-],7
4972,OCCc1ccc(Cc2cc(-c3cccc(Cl)c3)nc(C(F)(F)F)c2)cc1,COC(=O)Cc1ccc(Cc2cc(-c3cccc(Cl)c3)nc(C(F)(F)F)c2)cc1,7
5003,CCCCCCCCCCCCOC(=O)NS(=O)(=O)Cl,CCCCCCCCCCCCO.O=C=NS(=O)(=O)Cl,2
5018,Cc1onc(-c2ccc(F)cc2)c1CNc1ccc(C(=O)NCC(F)(F)F)nn1,CCOC(=O)c1ccc(NCc2c(-c3ccc(F)cc3)noc2C)nn1.NCC(F)(F)F,2
5034,CC(=O)c1ccc(C)nc1Cl,CON(C)C(=O)c1ccc(C)nc1Cl,3
5121,Nc1nccn2c(C3CCNCC3)nc(-c3cc4ccccc4[nH]3)c12,Nc1nccn2c(C3CCN(C(=O)OCc4ccccc4)CC3)nc(-c3cc4ccccc4[nH]3)c12,6
5135,O=C(c1ccc(F)cc1Cl)N1CCn2cc(C(F)(F)F)nc2C1,FC(F)(F)c1cn2c(n1)CNCC2.O=C(Cl)c1ccc(F)cc1Cl,2
5138,Cc1ccccc1-c1ccc(C=O)cc1,Cc1ccccc1B(O)O.O=Cc1ccc(Br)cc1,3
5140,Cc1cc([N+](=O)[O-])cnc1-c1ccccc1,Cc1cc([N+](=O)[O-])cnc1Br.OB(O)c1ccccc1,3
5143,CCOC(=O)/C=C/c1cc(OC)cc2c1ccc(=O)n2CCN1CCC(NCc2ccc3c(c2)OCCO3)CC1,CCOC(=O)/C=C/c1cc(OC)cc2c1ccc(=O)n2CCN1CCC(N(Cc2ccc3c(c2)OCCO3)C(=O)OC(C)(C)C)CC1,6
5146,CC(C)(C)OC(=O)N1CCC(=O)N(CCCC=O)CC1,COC(CCCN1CCN(C(=O)OC(C)(C)C)CCC1=O)OC,6
5151,COc1ccccc1C(F)(F)COc1ccc(CCN)cc1,COc1ccccc1C(F)(F)COc1ccc(CC#N)cc1,7
5152,CC(C)(C)NC(=O)c1[nH]c2ccc(Br)cc2c1CC(=O)O,COC(=O)Cc1c(C(=O)NC(C)(C)C)[nH]c2ccc(Br)cc12,6
5169,CC(=NN)c1cccnc1,CC(=O)c1cccnc1.NN,1
5183,CN(c1cncnc1)c1cc(F)cc(NC(=O)c2cccc(C#N)c2)c1,CN(c1cncnc1)c1cc(N)cc(F)c1.N#Cc1cccc(C(=O)Cl)c1,2
5197,Cn1cc(C=O)c2c(-c3ccccc3)cccc21,Cn1cc(C=O)c2c(Br)cccc21.OB(O)c1ccccc1,3
5204,N#Cc1ccc(C(=O)Nc2nc3c(s2)Cc2ccccc2-3)cc1,N#Cc1ccc(C(=O)Cl)cc1.Nc1nc2c(s1)Cc1ccccc1-2,2
5213,COc1ccc(NC(=S)Nc2cccc3cc(Oc4ccnc5cc(OC)c(OC)cc45)ccc23)cc1,COc1cc2nccc(Oc3ccc4c(N=C=S)cccc4c3)c2cc1OC.COc1ccc(N)cc1,2
5217,O=C(NCc1ccccc1F)c1ccc2cnccc2n1,NCc1ccccc1F.O=C(O)c1ccc2cnccc2n1,2
5229,CC1(O)CCOc2c(F)cc(F)cc21,C[Mg+].O=C1CCOc2c(F)cc(F)cc21,3
5277,Cc1ccc(Sc2ccc(CN)cc2)cc1Cl,Cc1ccc(Sc2ccc(C#N)cc2)cc1Cl,7
5309,Cc1ncc(Cl)cc1CN,Cc1ncc(Cl)cc1CN1C(=O)c2ccccc2C1=O,6
5314,COc1ccc(C#N)cc1N1CCC2(CC1)OCCO2,C1CC2(CCN1)OCCO2.COc1ccc(C#N)cc1Br,1
5328,Nc1ccc(-c2ccccc2)nn1,Nc1ccc(Cl)nn1.OB(O)c1ccccc1,3
5336,CCN1CCC(OC(=O)[C@](O)(c2ccc(Cl)cc2)[C@@H]2CCC(F)(F)C2)CC1,CC=O.O=C(OC1CCNCC1)[C@](O)(c1ccc(Cl)cc1)[C@@H]1CCC(F)(F)C1,1
5351,Cc1nc(N2CCN(Cc3ccc(OC(F)(F)F)cc3)C2=O)sc1C(=O)NCC1CC1,Cc1nc(N2CCN(Cc3ccc(OC(F)(F)F)cc3)C2=O)sc1C(=O)O.NCC1CC1,2
5359,CCOC(=O)/C=C(\C)c1ccc2c(c1)CCCN2C(C)C,CC(=O)c1ccc2c(c1)CCCN2C(C)C.CCOC(=O)CP(=O)(OCC)OCC,3
5382,O=S(=O)(c1ccc(OC(F)(F)F)cc1)N1Cc2ccc(C(F)(F)F)nc2Nc2ccc(I)cc21,FC(F)(F)c1ccc2c(n1)Nc1ccc(I)cc1NC2.O=S(=O)(Cl)c1ccc(OC(F)(F)F)cc1,2
5395,COc1cccc2c1NC(CNC(C)=O)CO2,CC(=O)OC(C)=O.COc1cccc2c1NC(CN)CO2,2
5411,COC(=O)C(C)Nc1c([N+](=O)[O-])cnn1-c1c(Cl)cc(C(F)(F)F)cc1Cl,COC(=O)C(C)Br.Nc1c([N+](=O)[O-])cnn1-c1c(Cl)cc(C(F)(F)F)cc1Cl,1
5440,O=C(O)Cc1ccc(-c2onc(-c3ccccc3)c2C(=O)NCCOc2ccc(Cl)cc2Cl)c(Cl)c1,COC(=O)Cc1ccc(-c2onc(-c3ccccc3)c2C(=O)NCCOc2ccc(Cl)cc2Cl)c(Cl)c1,6
5441,COc1cc(F)ccc1-c1ccc2c(c1COC(=O)c1cccc(N)c1)C(C)=CC(C)(C)N2,COc1cc(F)ccc1-c1ccc2c(c1CO)C(C)=CC(C)(C)N2.Nc1cccc(C(=O)O)c1,2
5453,CCN(C)CCCOc1ccc(C2(CN3CCOCC3)CCOCC2)cc1,BrCCOCCBr.CCN(C)CCCOc1ccc(C2(CN)CCOCC2)cc1,4
5467,CC(C)(C)OC(=O)NC1CCCN(C(=O)OCc2ccccc2)C1CC(=O)O,CCOC(=O)CC1C(NC(=O)OC(C)(C)C)CCCN1C(=O)OCc1ccccc1,6
5477,CN1CC2(C1)CN(c1nc(N)ncc1Cl)c1cc(O)ccc12,CN1CC2(CNc3cc(O)ccc32)C1.Nc1ncc(Cl)c(Cl)n1,1
5479,CCOC(=O)NCC(CC(=O)O)c1ccc(Cl)c(Cl)c1,CCOC(=O)Cl.NCC(CC(=O)O)c1ccc(Cl)c(Cl)c1,2
5491,COC(=O)CCc1ccc(C#Cc2ccc(C)cc2)cc1,C#Cc1ccc(CCC(=O)OC)cc1.Cc1ccc(I)cc1,3
5594,Cc1c(Cc2ccccc2)nnc(N2CCC(C)(C(=O)O)CC2)c1C,CCOC(=O)C1(C)CCN(c2nnc(Cc3ccccc3)c(C)c2C)CC1,6
5641,COc1ccc(OC)c(CCc2ccc3ncn(C)c(=O)c3c2)c1,CI.COc1ccc(OC)c(CCc2ccc3nc[nH]c(=O)c3c2)c1,1
5651,CSCc1cccc(N2CCN(c3cc4nc5c(cc4cc3F)c(=O)c(C(=O)O)cn5C)CC2)c1,CSCc1cccc(N2CCNCC2)c1.Cn1cc(C(=O)O)c(=O)c2cc3cc(F)c(F)cc3nc21,1
5682,CN1C(=S)CSc2cc(N3CC(C(N)=O)OC3=O)ccc21,COC(=O)[C@H]1CN(c2ccc3c(c2)SCC(=S)N3C)C(=O)O1.N,9
5696,NC(=O)[C@H]1CN(c2cc(F)c(N3C=CS(=O)(=O)CC3)c(F)c2)C(=O)O1,COC(=O)[C@H]1CN(c2cc(F)c(N3C=CS(=O)(=O)CC3)c(F)c2)C(=O)O1.N,9
5711,O=C(c1ccccn1)c1ccc(Br)cc1F,Fc1cc(Br)ccc1[Zn]I.O=C(Cl)c1ccccn1,3
5712,CN(C)c1ccc(C(=O)c2ccc(O)cc2)cc1,COc1ccc(C(=O)c2ccc(N(C)C)cc2)cc1,6
5727,Cc1c(N)cc(C(=O)O)cc1F,Cc1c(F)cc(C(=O)O)cc1[N+](=O)[O-],7
5739,O=C(CCC(=O)c1ccc2c(c1)CCO2)Nc1cc(-c2cccc(CCCO)c2)cc(-c2ccccc2)n1,O=C(CCC(=O)c1ccc2c(c1)CCO2)Nc1cc(Cl)cc(-c2ccccc2)n1.OCCCc1cccc(B(O)O)c1,3
5766,FC(F)(F)c1ccc(-c2cccc3c2ccn3Cc2ccccc2)cc1,Brc1cccc2c1ccn2Cc1ccccc1.OB(O)c1ccc(C(F)(F)F)cc1,3
5790,CC(C)[C@H](NC(=O)[C@H](C)N(C)C(=O)OC(C)(C)C)C(=O)N1c2ncccc2C[C@H]1CN,CC(C)[C@H](NC(=O)[C@H](C)N(C)C(=O)OC(C)(C)C)C(=O)N1c2ncccc2C[C@H]1CN=[N+]=[N-],9
5814,CC(C)(C=O)c1ccc2c(c1)CCNC2=O,COc1ccc(CN2CCc3cc(C(C)(C)C=O)ccc3C2=O)cc1,6
5817,COc1ccccc1Oc1nc(Nc2cc(C)[nH]n2)cc2ccccc12,COc1ccccc1O.Cc1cc(Nc2cc3ccccc3c(Cl)n2)n[nH]1,1
5837,O=C(Nc1cc(O)ccc1CCCl)c1cc2cc([N+](=O)[O-])ccc2[nH]1,Nc1cc(O)ccc1CCCl.O=C(O)c1cc2cc([N+](=O)[O-])ccc2[nH]1,2
5894,CN1CCN(CCCNc2ncc3cc(C(=O)Nc4cc(C(=O)NC(CCN)c5ccccc5)ccc4Cl)c(=O)[nH]c3n2)CC1,CN1CCN(CCCNc2ncc3cc(C(=O)Nc4cc(C(=O)NC(CCNC(=O)OC(C)(C)C)c5ccccc5)ccc4Cl)c(=O)[nH]c3n2)CC1,6
5960,N#Cc1ccccc1Oc1ccc(N(Cc2cccnc2)S(=O)(=O)CC(F)(F)F)cc1,N#Cc1ccccc1Oc1ccc(NCc2cccnc2)cc1.O=S(=O)(Cl)CC(F)(F)F,2
5993,CC(C)Oc1ccc(C#Cc2ccccc2)cc1C(=O)NC(C)(CO)Cc1c[nH]c2ccccc12,COC(=O)C(C)(Cc1c[nH]c2ccccc12)NC(=O)c1cc(C#Cc2ccccc2)ccc1OC(C)C,7
6014,COc1cc(C#N)ccc1Cc1cn(C)c2ccc([N+](=O)[O-])cc12,CI.COc1cc(C#N)ccc1Cc1c[nH]c2ccc([N+](=O)[O-])cc12,1
6021,CCOC(=O)c1cc(C2=C(c3cc(Cl)ccc3OCc3ccccc3)CCC2)ccc1NC(C)=O,CC(=O)Cl.CCOC(=O)c1cc(C2=C(c3cc(Cl)ccc3OCc3ccccc3)CCC2)ccc1N,2
6087,CC(=O)c1ccc(OC2CCOCC2)cc1O,CC(=O)c1ccc(O)cc1O.OC1CCOCC1,1
6094,CCC(=O)Nc1nc2ccc(Oc3cc(N)c(F)cc3Cl)nc2s1,CCC(=O)Nc1nc2ccc(Oc3cc(NC(=O)OC(C)(C)C)c(F)cc3Cl)nc2s1,6
6098,Nc1c[nH]c2ncc(Br)c(F)c12,O=[N+]([O-])c1c[nH]c2ncc(Br)c(F)c12,7
6121,Cc1nc(Cl)ccc1C#CC(C)(C)O,C#Cc1ccc(Cl)nc1C.COC(C)(C)C,3
6126,NC(=O)C12C=CC(C1)C1C(=O)N(Cc3ccccc3)C(=O)C12,CCN(CC)CC.O=C1C2C3C=CC(C(=O)O)(C3)C2C(=O)N1Cc1ccccc1,9
6157,CNC(=O)CCn1c2c(c3cc(C)ccc31)CN(C)CC2,CCOC(=O)CCn1c2c(c3cc(C)ccc31)CN(C)CC2.CN,2
6177,N#Cc1ccc([N+](=O)[O-])c(NC2CC2)c1,N#Cc1ccc([N+](=O)[O-])c(F)c1.NC1CC1,1
6195,CC(C)N1CC2(CCN(c3ccc(OCCCN4CCC[C@H]4C)cc3)CC2)OCC1=O,CC(C)N1CC2(CCN(c3ccc(O)cc3)CC2)OCC1=O.C[C@@H]1CCCN1CCCBr,1
6227,CCOC(=O)c1ccc2nc(-c3ccc(C(F)(F)F)cc3)sc2c1,CCOC(=O)c1ccc2nc(Br)sc2c1.OB(O)c1ccc(C(F)(F)F)cc1,3
6291,Ic1ccnc(NCCCN2CCOCC2)c1,Fc1cc(I)ccn1.NCCCN1CCOCC1,1
6297,c1ccc(OCCN2CCC3(C2)NCCc2c3[nH]c3ccc(-c4nnn[nH]4)cc23)cc1,C[Si](C)(C)N=[N+]=[N-].N#Cc1ccc2[nH]c3c(c2c1)CCNC31CCN(CCOc2ccccc2)C1,4
6301,COC(=O)C(CO)NC(=O)c1ccc(NC(=O)OCc2ccccc2)cc1F,COC(=O)[C@@H](N)CO.O=C(Nc1ccc(C(=O)O)c(F)c1)OCc1ccccc1,2
6310,COc1ccc(C(Nc2nc3c(ncn3[C@@H]3C[C@H](CO)[C@H]3COC(c3ccccc3)(c3ccc(OC)cc3)c3ccc(OC)cc3)c(=O)[nH]2)(c2ccccc2)c2ccc(OC)cc2)cc1,COc1ccc(C(Nc2nc3c(ncn3[C@@H]3C[C@H](COC(C)=O)[C@H]3COC(c3ccccc3)(c3ccc(OC)cc3)c3ccc(OC)cc3)c(=O)[nH]2)(c2ccccc2)c2ccc(OC)cc2)cc1,6
6319,CNC(=Nc1ccccc1CN1CCOCC1)C(C)(C)C,CNC(=O)C(C)(C)C.Nc1ccccc1CN1CCOCC1,1
6333,N#CCc1csc2ccc(F)cc12,Fc1ccc2scc(CBr)c2c1.[C-]#N,9
6383,NC1=NS(=O)(=O)Nc2cccc(OC[C@H]3CCCCN3C(=O)c3ccnnc3)c21,NC1=NS(=O)(=O)Nc2cccc(OC[C@H]3CCCC[NH2+]3)c21.O=C(O)c1ccnnc1,2
6392,CCCC(C)COc1ccc([C@H](CN=[N+]=[N-])NC(=O)[C@@H](C)c2ccccc2)cc1,CCCC(C)COc1ccc([C@@H](N)CN=[N+]=[N-])cc1.C[C@H](C(=O)O)c1ccccc1,2
6419,COC(=O)C1(N(C)C=O)CCN(C(=O)OC(C)(C)C)C1,CI.COC(=O)C1(NC=O)CCN(C(=O)OC(C)(C)C)C1,1
6422,COc1cc(C(O)C(=O)OCc2ccccc2)ccc1O,BrCc1ccccc1.COc1cc(C(O)C(=O)O)ccc1O,1
6459,CC(C)(C)OC(=O)c1ccc(N2CCN(c3ccc(C(=O)Nc4cccc(C(C)(C)C)c4)cn3)CC2)cc1,CC(C)(C)OC(=O)c1ccc(Br)cc1.CC(C)(C)c1cccc(NC(=O)c2ccc(N3CCNCC3)nc2)c1,1
6480,NC(=O)c1cnn(-c2ccc(F)cc2)c1-c1ccncc1,COC(=O)c1cnn(-c2ccc(F)cc2)c1-c1ccncc1.N,9
6482,CC(C(=O)O)c1ccc(C[C@@H]2CCCC[C@@H]2O)cc1,CC(C(=O)O)c1ccc(CC2CCCCC2=O)cc1,7
6489,CCCc1cc2cc(OC)c(F)cc2c(O)c1-c1ccccc1,CCCc1cc2cc(OC)c(F)cc2c(OCOC)c1-c1ccccc1,6
6535,COC(C)Cc1nc2cnc3ccccc3c2n1CC(C)C,CC(C)Cn1c(CC(C)O)nc2cnc3ccccc3c21.CI,1
6562,CCN(Cc1cccc(C)n1)C(=O)CN(c1ccc2cn[nH]c2c1)S(=O)(=O)c1ccc(C(C)(C)C)cc1,CC(C)(C)c1ccc(S(=O)(=O)N(CC(=O)O)c2ccc3cn[nH]c3c2)cc1.CCNCc1cccc(C)n1,2
6568,OCc1ccc(-c2noc(-c3cc(-c4ccccc4)c(C(F)(F)F)s3)n2)cc1,COC(=O)c1ccc(-c2noc(-c3cc(-c4ccccc4)c(C(F)(F)F)s3)n2)cc1,7
6575,COC=CC[C@H]1CC[C@H](c2ccc(C#N)cc2)CC1,COC(C)(C)C.N#Cc1ccc([C@H]2CC[C@H](CC=O)CC2)cc1,3
6584,O=C(O)c1cn(C2CC2)c2cc(N3CCN(CCCOc4ccc5c(c4)B(O)OC5)CC3)c(F)cc2c1=O,O=C(O)c1cn(C2CC2)c2cc(N3CCNCC3)c(F)cc2c1=O.OB1OCc2ccc(OCCCBr)cc21,1
6593,N#CC(c1ccc(Cl)cc1)C1CCNCC1,N#CC(c1ccc(Cl)cc1F)C1CCNCC1,6
6605,CCOC(=O)c1c(C=O)c2cc(-c3ccc(C(C)(C)C)cc3)ccc2n1-c1ccc(OC(C)C)cc1,CC(C)(C)c1ccc(B(O)O)cc1.CCOC(=O)c1c(C=O)c2cc(Br)ccc2n1-c1ccc(OC(C)C)cc1,3
6666,Clc1cccc(Nc2ncnc3[nH]nc(N=Cc4ccccc4-c4nnn[nH]4)c23)c1,Nc1n[nH]c2ncnc(Nc3cccc(Cl)c3)c12.O=Cc1ccccc1-c1nnn[nH]1,1
6669,O=C(NCc1ccn2ccnc2c1)Nc1ccc(Br)cc1,NCc1ccn2ccnc2c1.O=C=Nc1ccc(Br)cc1,2
6682,CNCCCC1Cc2ccccc2N(c2ccccc2)C1=O,CN.O=C1C(CCCCl)Cc2ccccc2N1c1ccccc1,1
6700,Cn1nc(NCC(=O)NC2CN(C3CCC(O)(c4cncs4)CC3)C2)c2cc(C(F)C(F)(F)F)ccc21,Cn1nc(NCC(=O)NC2CNC2)c2cc(C(F)C(F)(F)F)ccc21.O=C1CCC(O)(c2cncs2)CC1,1
6750,O=C(C[C@@H]1C[C@H]2O[C@@H]2CCC(=O)O[C@H](c2ccccc2)CNC1=O)NCc1ccc(Cl)cc1,O=C(C[C@@H]1CC=CCCC(=O)O[C@H](c2ccccc2)CNC1=O)NCc1ccc(Cl)cc1.O=C(OO)c1cccc(Cl)c1,4
6775,Cc1ccc(CN2CC3CCC2C3Nc2ccc3[nH]ncc3c2)cc1OCCO,Cc1ccc(C=O)cc1OCCO.c1cc2[nH]ncc2cc1NC1C2CCC1NC2,1
6810,CCOP(=O)(OCC)c1csc(-c2scc(P(=O)(OCC)OCC)c2P(=O)(OCC)OCC)c1P(=O)(OCC)OCC,CCCC[Sn](CCCC)(CCCC)c1scc(P(=O)(OCC)OCC)c1P(=O)(OCC)OCC.CCOP(=O)(OCC)c1csc(I)c1P(=O)(OCC)OCC,3
6854,CCCc1c(OCCCOc2c(C(C)=O)cc3c(c2CCC)OC(C)(CCC(=O)OCC)CC3)ccc(C(C)=O)c1O,CCCc1c(O)ccc(C(C)=O)c1O.CCCc1c2c(cc(C(C)=O)c1OCCCBr)CCC(C)(CCC(=O)OCC)O2,1
6860,Cc1ccc2nc(N3CCS(=O)(=O)c4ccc(N5CCOCC5)cc4C3)cc(NCC3(N(Cc4ccccc4)Cc4ccccc4)COC3)c2c1,C1COCCN1.Cc1ccc2nc(N3CCS(=O)(=O)c4ccc(F)cc4C3)cc(NCC3(N(Cc4ccccc4)Cc4ccccc4)COC3)c2c1,1
6877,CC(=O)Nc1ccccc1-c1ccc(F)cc1,CC(=O)OC(C)=O.Nc1ccccc1-c1ccc(F)cc1,2
6879,CCOC(=O)C(Cc1ccc(Br)cc1)c1c(SC(C)(C)C)c2cc(OC)ccc2n1C,CCOC(=O)C(Cc1ccc(Br)cc1)c1[nH]c2ccc(OC)cc2c1SC(C)(C)C.CI,1
6890,CN(C)[C@H]1CCN(c2cccc3nc(CN(C)[C@H]4CCCc5cccnc54)cn23)C1,CN(C)[C@H]1CCNC1.CN(Cc1cn2c(F)cccc2n1)[C@H]1CCCc2cccnc21,1
6906,C[Si](C)(C)C#Cc1c(C#N)nn(-c2c(Cl)cc(C(F)(F)F)cc2Cl)c1N,C#C[Si](C)(C)C.N#Cc1nn(-c2c(Cl)cc(C(F)(F)F)cc2Cl)c(N)c1I,3
6908,CCOCC(=O)N(CC)Cc1cc(C(F)(F)F)ccc1-c1cncc(CC(=O)OCC)c1,CCNCc1cc(C(F)(F)F)ccc1-c1cncc(CC(=O)OCC)c1.CCOCC(=O)O,2
6925,CC1Cc2ccc(Br)cc2CN1C(=O)OC(C)(C)C,CC(C)(C)OC(=O)OC(=O)OC(C)(C)C.CC1Cc2ccc(Br)cc2CN1,5
6964,c1ccc(Nc2nc3c(s2)CNCC3)cc1,C=O.NCCc1csc(Nc2ccccc2)n1,3
7030,CC(C)(C)OC(=O)N1C[C@H](O[Si](C)(C)C(C)(C)C)CC[C@@H]1CCO,C=C[C@H]1CC[C@@H](O[Si](C)(C)C(C)(C)C)CN1C(=O)OC(C)(C)C.OO,10
7034,COc1ccc(-n2nc(C(C)C)cc2-c2ccc(OCCNC(=O)OC(C)(C)C)cc2)cc1,C=C(C)c1cc(-c2ccc(OCCNC(=O)OC(C)(C)C)cc2)n(-c2ccc(OC)cc2)n1,7
7039,CC1CN(Cc2ccccc2)CCC1=O,CCOC(=O)C1(C)CN(Cc2ccccc2)CCC1=O,9
7073,CC[Si](C#Cc1ccc2[nH]ccc2c1)(CC)CC,C#C[Si](CC)(CC)CC.Ic1ccc2[nH]ccc2c1,3
7074,CN(C)C(=O)N1CCCC(N)C1,CN(C)C(=O)N1CCCC(N2C(=O)c3ccccc3C2=O)C1,6
7104,Cc1c(Nc2ccc(I)cc2F)c(NS(=O)(=O)C2CC(O)C2)c2n(c1=O)CCS2,Cc1c(Nc2ccc(I)cc2F)c(NS(=O)(=O)C2CC(OCc3ccccc3)C2)c2n(c1=O)CCS2,6
7122,O=C(c1nc(CC2(c3ccccc3)CCCC2)nc(O)c1OCc1ccccc1)N(CCO)CC1CC1,CC(C)(C)[Si](C)(C)OCCN(CC1CC1)C(=O)c1nc(CC2(c3ccccc3)CCCC2)nc(O)c1OCc1ccccc1,6
7161,Cc1cc(OC2CCS(=O)(=O)N(C)C2)cc(C)c1Br,CI.Cc1cc(OC2CCS(=O)(=O)NC2)cc(C)c1Br,1
7173,COc1cc(F)ccc1-c1cc(Nc2cc(CO)ccn2)ncc1F,COc1cc(F)ccc1-c1cc(Cl)ncc1F.Nc1cc(CO)ccn1,1
7201,COC(=O)CN1[C@@H](C)CC[C@@H]1C,COC(=O)CBr.C[C@H]1CC[C@H](C)N1,1
7231,CCOC(=O)[C@H]1CCCN(c2ccc(-c3ccncc3)cc2F)C1,CCOC(=O)[C@H]1CCCNC1.Fc1cc(-c2ccncc2)ccc1Br,1
7243,COc1cc2c(Nc3ccc4[nH]ccc4c3)ncnc2cc1OCCCn1cncn1,COc1cc2c(Cl)ncnc2cc1OCCCn1cncn1.Nc1ccc2[nH]ccc2c1,1
7273,CCOC(C)O[C@H]1CC[C@@]2(C)C(=CC[C@H]3[C@@H]4CC[C@H]([C@H](C)CO[Si](C)(C)C(C)(C)C)[C@@]4(C)CC[C@@H]32)C1(C)C,C=COCC.C[C@H](CO[Si](C)(C)C(C)(C)C)[C@H]1CC[C@H]2[C@@H]3CC=C4C(C)(C)[C@@H](O)CC[C@]4(C)[C@H]3CC[C@@]21C,1
7290,CCN(CC)C(=O)CCCC=C(c1ccc(CCNS(=O)(=O)c2ccc(Cl)cc2)cc1)c1cccnc1,CCNCC.O=C(O)CCCC=C(c1ccc(CCNS(=O)(=O)c2ccc(Cl)cc2)cc1)c1cccnc1,2
7292,CCCCC(CC)COC(=O)CCSc1ccc2c(ccc3nnnn32)c1,Brc1ccc2c(ccc3nnnn32)c1.CCCCC(CC)COC(=O)CCS,1
7315,OC1(c2ccc3ccccc3c2)CC2CCC(C1)N2,OC1(c2ccc3ccccc3c2)CC2CCC(C1)N2Cc1ccccc1,6
7336,CCc1cccc(-c2ccc(N)cc2)c1,CCc1cccc(B(O)O)c1.Nc1ccc(Br)cc1,3
7361,CC(C)c1nn2ccccc2c1C(O)C(C)C,CC(C)C(=O)c1c(C(C)C)nn2ccccc12,7
7372,CCCCSC(Cc1ccc(Cl)cc1Cl)n1ccnc1,CCCCS.Clc1ccc(CC(Cl)n2ccnc2)c(Cl)c1,1
7388,CN1C(=O)C2(CCCc3cnc(C#CC4CC4)cc32)N=C1N,C#CC1CC1.CN1C(=O)C2(CCCc3cnc(Cl)cc32)N=C1N,3
7389,CC(C)(C)c1csc(NN)n1,CC(C)(C)C(=O)CBr.NNC(N)=S,4
7401,Cn1ccc2ncnc(Oc3ccc(C(=O)Nc4ccccc4)cc3)c21,Cn1ccc2ncnc(Oc3ccc(C(=O)O)cc3)c21.Nc1ccccc1,2
7428,CN(Cc1ccccc1)C(=O)c1noc([C@H](CCCC2CCCCC2)CC(=O)OC(C)(C)C)n1,CCOC(=O)c1noc([C@H](CCCC2CCCCC2)CC(=O)OC(C)(C)C)n1.CNCc1ccccc1,2
7439,COc1ccc(Cn2nccc2NC(=O)CSc2nnnn2-c2cccc(C)c2C)cc1,COc1ccc(Cn2nccc2N)cc1.Cc1cccc(-n2nnnc2SCC(=O)O)c1C,2
7440,Cc1cc(CNC2=C(c3ccccc3)S(=O)(=O)N(C(C)(C)C)C2=O)no1,CC(C)(C)N1C(=O)C(Cl)=C(c2ccccc2)S1(=O)=O.Cc1cc(CN)no1,1
7457,CC(C)N(Cc1cc(C(=O)O)cc2c1OC(C)(C)CC2(C)C)C1CC1,CCOC(=O)c1cc(CN(C(C)C)C2CC2)c2c(c1)C(C)(C)CC(C)(C)O2,6
7495,CC(C)(C)OC(=O)N1C(=O)COC[C@@H]1COCc1ccccc1,CC(C)(C)OC(=O)OC(=O)OC(C)(C)C.O=C1COC[C@H](COCc2ccccc2)N1,5
7505,CC(C)(C)OC(=O)N1CCN(c2ccc(-c3cncc(-c4cc(-c5cc(Cl)ccc5F)nc5ncccc45)c3)cn2)CC1,CC(C)(C)OC(=O)N1CCN(c2ccc(B3OC(C)(C)C(C)(C)O3)cn2)CC1.Fc1ccc(Cl)cc1-c1cc(-c2cncc(Br)c2)c2cccnc2n1,3
7550,O=C(C1CCOCC1)N1CC[C@@H](O)C1,O=C(O)C1CCOCC1.O[C@@H]1CCNC1,2
7605,O=C(CCCN1CCN(c2ccc(C(F)(F)F)cc2)CC1)N1CCC(Nc2ccc(Cl)c(C(F)(F)F)c2)CC1,FC(F)(F)c1cc(NC2CCNCC2)ccc1Cl.O=C(O)CCCN1CCN(c2ccc(C(F)(F)F)cc2)CC1,2
7620,O=C(CCCCc1ccccc1)NCc1c[nH]cn1,NCc1c[nH]cn1.O=C(O)CCCCc1ccccc1,2
7665,CC(C)(C)OC(=O)NC(C(=O)c1ccc(OCC2CC2)cc1)c1ccc(Cl)c(Cl)c1,CC(C)(C)OC(=O)NC(C(=O)c1ccc(O)cc1)c1ccc(Cl)c(Cl)c1.OCC1CC1,1
7712,O=C(O)c1cc(Br)cc(-c2cccnc2)c1,COC(=O)c1cc(Br)cc(-c2cccnc2)c1,6
7716,O=Cc1ccc(-c2cc3c(c(C45CC6CC(CC(C6)C4)C5)c2)OCO3)cc1,Brc1cc2c(c(C34CC5CC(CC(C5)C3)C4)c1)OCO2.O=Cc1ccc(B(O)O)cc1,3
7746,CC(C)(C)c1ccc(C(=O)NN)cc1,CC(C)(C)c1ccc(C(=O)O)cc1.NN,2
7755,CCOC(=O)C1=C(Nc2ccccc2)OC(=Cc2c[nH]c3ncc(Cl)cc23)C1=O,CCOC(=O)C1=C(Nc2ccccc2)OCC1=O.O=Cc1c[nH]c2ncc(Cl)cc12,3
7818,COc1ccc(I)c(OCC2CO2)c1,COc1ccc(I)c(O)c1.ClCC1CO1,1
7822,CC(C)(C)OC(=O)N1CC2=C(C1)CN(c1ncc(C(=O)O)s1)C2,CCOC(=O)c1cnc(N2CC3=C(CN(C(=O)OC(C)(C)C)C3)C2)s1,6
7835,Cn1c(CO)cc2cccnc21,CCOC(=O)c1cc2cccnc2n1C,7
7859,Nc1cccnc1N1CCNCC1,O=[N+]([O-])c1cccnc1N1CCNCC1,7
7865,CN[C@H]1CC[C@@H](c2ccc(Cl)c(Cl)c2)c2ccc(C#CCCCOC)cc21,COCCCC#Cc1ccc2c(c1)[C@@H](N(C)C(=O)OC(C)(C)C)CC[C@H]2c1ccc(Cl)c(Cl)c1,6
7866,CCN(CC)c1ccc(-c2nc3c(N4CCN(Cc5cn(CC)c(=O)[nH]c5=O)CC4)cccc3[nH]2)cc1,CCN(CC)c1ccc(-c2nc3c(N4CCNCC4)cccc3[nH]2)cc1.CCn1cc(C=O)c(=O)[nH]c1=O,1
7882,CNC(=O)N(C)c1cc(CCl)ccn1,CN=C=O.CNc1cc(CCl)ccn1,2
7884,O=C(O)CN1CCC(n2c(=O)[nH]c3ccccc32)CC1,CCOC(=O)CN1CCC(n2c(=O)[nH]c3ccccc32)CC1,6
7915,CC(=O)N1CCC2(C1)CN(C(=O)Nc1ncc(Cl)s1)c1ccc(CCC(=O)N3CCC3)cc12,C1CNC1.CC(=O)N1CCC2(C1)CN(C(=O)Nc1ncc(Cl)s1)c1ccc(CCC(=O)O)cc12,2
7962,CC(C)(C)OC(=O)N1CCC(n2ncc3c(Oc4ccccc4C#N)ncnc32)CC1,CC(C)(C)OC(=O)N1CCC(n2ncc3c(Cl)ncnc32)CC1.N#Cc1ccccc1O,1
8011,CCn1ncc2c(Cl)c(C(N)=O)cnc21,CCn1ncc2c(Cl)c(C(=O)NCc3ccccc3)cnc21,9
8035,CS(=O)(=O)c1cc2nccc(Oc3ccc(NC(=S)NC(=O)Cc4ccccc4)cc3F)c2s1,CS(=O)(=O)c1cc2nccc(Oc3ccc(N)cc3F)c2s1.O=C(Cc1ccccc1)N=C=S,2
8055,CN(Cc1ccncc1)c1nc(Cl)nc(Cl)c1F,CNCc1ccncc1.Fc1c(Cl)nc(Cl)nc1Cl,1
8057,COC(=O)[C@@H](NC(=O)c1ccc(C#C/C=C/CC(O)CO)cc1)C(C)(C)N,COC(=O)[C@@H](NC(=O)c1ccc(C#C/C=C/CC(O)CO)cc1)C(C)(C)NC(=O)OC(C)(C)C,6
8060,OCc1cccc(I)c1F,O=C(O)c1cccc(I)c1F,7
8087,CC(C)(C)OC(=O)N1CCCCC1CN,CC(C)(C)OC(=O)N1CCCC[C@H]1CNC(=O)C(F)(F)F,6
8094,CCC(O)c1ccccc1Br,CC[Mg+].O=Cc1ccccc1Br,3
8121,CC(O)COC(=O)c1ccccc1C(=O)OOC(C)(C)C,CC(C)(C)OOC(=O)c1ccccc1C(=O)Cl.CC(O)CO,2
8134,CCN1C(=O)C(C)(C)C(=O)N(C)c2cc(O)ccc21,CCN1C(=O)C(C)(C)C(=O)N(C)c2cc(OCc3ccccc3)ccc21,6
8144,COc1ccc(C(F)(F)F)cc1NC(=O)c1ccc(C)c(-c2ccc3c(N4CCOCC4)nncc3c2)c1,Brc1ccc2c(N3CCOCC3)nncc2c1.COc1ccc(C(F)(F)F)cc1NC(=O)c1ccc(C)c(I)c1,3
8153,CC(C)(C)CNc1ncnc(Cl)c1N,CC(C)(C)CN.Nc1c(Cl)ncnc1Cl,1
8163,OCc1ccc2ccn(C(c3ccccc3)c3cccc(/C=C/c4ccc5ccccc5n4)c3)c2c1,O=Cc1ccc2ccn(C(c3ccccc3)c3cccc(/C=C/c4ccc5ccccc5n4)c3)c2c1,7
8165,COc1ccccc1NC(=O)[C@@H]1Cc2[nH]cnc2CN1C(C)=O,CC(=O)Cl.COc1ccccc1NC(=O)[C@@H]1Cc2[nH]cnc2CN1,2
8170,CCOC(=O)c1ccc(OCCCN)c([N+](=O)[O-])c1,CCOC(=O)c1ccc(OCCCNC(=O)OC(C)(C)C)c([N+](=O)[O-])c1,6
8209,CCOC(=O)[C@H](Cc1ccccc1)NCc1ccccc1,CCOC(=O)[C@@H](N)Cc1ccccc1.O=Cc1ccccc1,1
8214,O=C(Nc1ccccc1N1CCCCC1)c1ccc([N+](=O)[O-])o1,Nc1ccccc1N1CCCCC1.O=C(Cl)c1ccc([N+](=O)[O-])o1,2
8235,CCCCC(=O)N(Cc1ccc(-c2ccccc2-c2nnn[nH]2)cc1)[C@@H]1CCCC[C@@H]1C(=O)O,CCCCC(=O)N(Cc1ccc(-c2ccccc2-c2nnn[nH]2)cc1)[C@H]1CCCC[C@H]1C(=O)OCC,6
8240,c1ccc(-c2cc(CN3CCC(CNc4nn(C5CCCCO5)c5ccc(-c6ncn(C(c7ccccc7)(c7ccccc7)c7ccccc7)n6)cc45)CC3)on2)cc1,Brc1nn(C2CCCCO2)c2ccc(-c3ncn(C(c4ccccc4)(c4ccccc4)c4ccccc4)n3)cc12.NCC1CCN(Cc2cc(-c3ccccc3)no2)CC1,1
8248,COc1ccc(/C=C(/C#N)c2cc(OC)c(OC)c(OC)c2)cc1N,CC(C)(C)OC(=O)NCC(N)=O,6
8255,CNc1ccc(I)nn1,CN.Ic1ccc(I)nn1,1
8265,COC(=O)C(Oc1cccc(C(F)(F)F)c1)c1ccc(OCC(C)Oc2ccc(C(C)(C)C)cc2)cc1,COC(=O)C(Br)c1ccc(OCC(C)Oc2ccc(C(C)(C)C)cc2)cc1.Oc1cccc(C(F)(F)F)c1,1
8284,CCCCCc1c(-c2ccc3c(Br)c(OCC#N)ccc3c2)n(Cc2ccccc2)c2ccccc12,BrCc1ccccc1.CCCCCc1c(-c2ccc3c(Br)c(OCC#N)ccc3c2)[nH]c2ccccc12,1
8300,COC(=O)c1ccc(F)c(-c2c(F)cc(OC3CCCOC3)cc2F)n1,COC(=O)c1ccc(F)c(-c2c(F)cc(O)cc2F)n1.OC1CCCOC1,1
8333,Cn1c(C(=O)N[C@H]2CCCC[C@H]2C(=O)NC(C#N)CC2CCNCC2)cc2ccccc21,Cn1c(C(=O)N[C@H]2CCCC[C@H]2C(=O)NC(C#N)CC2CCN(C(=O)OC(C)(C)C)CC2)cc2ccccc21,6
8343,CNC(=O)c1cccc([N+](=O)[O-])c1,CN.O=C(Cl)c1cccc([N+](=O)[O-])c1,2
8348,COc1ccc2[nH]c(=O)c3sccc3c2c1-c1ccc2cn[nH]c2c1,CC1(C)OB(c2ccc3cn[nH]c3c2)OC1(C)C.COc1ccc2[nH]c(=O)c3sccc3c2c1Br,3
8368,CCCOc1ccc(C(=O)Oc2cc[nH]c(=O)c2)cc1,CCCOc1ccc(C(=O)Cl)cc1.O=c1cc(O)cc[nH]1,2
8431,N#CC(N)=C(C#N)N=Cc1c(Cl)cc(C(F)(F)F)cc1Cl,N#C/C(N)=C(/N)C#N.O=Cc1c(Cl)cc(C(F)(F)F)cc1Cl,1
8451,COC(=O)CCc1cc(Cl)ccc1C(=O)OC,COC(=O)C=Cc1cc(Cl)ccc1C(=O)OC,7
8468,CCOC(=O)COc1ncccc1Oc1cc(-n2c(=O)cc(C(F)(F)F)n(C)c2=O)c(F)cc1N,CCOC(=O)COc1ncccc1Oc1cc(-n2c(=O)cc(C(F)(F)F)n(C)c2=O)c(F)cc1[N+](=O)[O-],7
8479,COc1nc2cc(Cl)c(Cl)c(Cn3cc(CCCN4CCOCC4)cn3)c2nc1OC,COc1nc2cc(Cl)c(Cl)c(CBr)c2nc1OC.c1n[nH]cc1CCCN1CCOCC1,1
8493,O=C(O)c1ccc(N=Cc2cc(Cl)ccc2O)cc1,Nc1ccc(C(=O)O)cc1.O=Cc1cc(Cl)ccc1O,1
8504,COC(=O)[C@@H]1[C@H](O)CCN1S(=O)(=O)c1ccc(C#N)c(Cl)c1C,COC(=O)[C@H]1NCC[C@H]1O.Cc1c(S(=O)(=O)O)ccc(C#N)c1Cl,2
8543,O=C1S/C(=C\c2ccc3c(cnn3Cc3ccc(Cl)cc3C(F)(F)F)c2)C(=O)N1[C@@H]1CCN(CCO)C[C@H]1F,O=C1S/C(=C\c2ccc3c(cnn3Cc3ccc(Cl)cc3C(F)(F)F)c2)C(=O)N1[C@@H]1CCNC[C@H]1F.OCCBr,1
8576,Oc1cccc(Nc2nc(NCc3ccc4c(c3)OCCO4)ncc2F)c1,NCc1ccc2c(c1)OCCO2.Oc1cccc(Nc2nc(Cl)ncc2F)c1,1
8581,Cc1c2n(c3ccccc13)C(=O)C(C(O)c1ncn(C(c3ccccc3)(c3ccccc3)c3ccccc3)c1C)CC2,Cc1c(C=O)ncn1C(c1ccccc1)(c1ccccc1)c1ccccc1.Cc1c2n(c3ccccc13)C(=O)CCC2,3
8589,Cc1nc(-c2ccc(C(F)(F)F)cc2)sc1C(C)CO,Cc1nc(-c2ccc(C(F)(F)F)cc2)sc1C(C)C=O,7
8624,NC1CN(C(=O)OCc2ccccc2)CCCC1O,[N-]=[N+]=NC1CN(C(=O)OCc2ccccc2)CCCC1O,9
8642,CC(C)c1[nH]n(-c2c(Cl)cc(Cl)cc2Cl)c2nc(Cc3ccc(NC(=O)CN4CCNCC4)cc3)nc(=O)c1-2,C1CNCCN1.CC(C)c1[nH]n(-c2c(Cl)cc(Cl)cc2Cl)c2nc(Cc3ccc(NC(=O)CCl)cc3)nc(=O)c1-2,1
8644,Cc1cccc(C)c1-c1cc(CO)ccc1F,Cc1cccc(C)c1-c1cc(C=O)ccc1F,7
8704,N[C@@H]1CC[C@H](C(=O)N2CCN(c3cccc(C(F)(F)F)c3)CC2)C1,CC(C)(C)OC(=O)N[C@@H]1CC[C@H](C(=O)N2CCN(c3cccc(C(F)(F)F)c3)CC2)C1,6
8709,CCCOC(=O)N1CCN(C(=O)OC(C)(C)C)CC1,CC(C)(C)OC(=O)N1CCNCC1.CCCOC(=O)Cl,2
8749,CC(C)(C)OC(=O)N1CCC(N2CCNC(=O)C2c2ccccc2)CC1,CC(C)(C)OC(=O)OC(=O)OC(C)(C)C.O=C1NCCN(C2CCNCC2)C1c1ccccc1,5
8762,CC(C)(C)OC(=O)N1CCc2c(n(CCS(=O)c3ccccc3)c3ccccc23)CC1,CC(C)(C)OC(=O)N1CCc2[nH]c3ccccc3c2CC1.O=S(CCCl)c1ccccc1,1
8782,COc1ccc(CNc2nnc(N3CCC(O)CC3)c3ccc(C#N)cc23)cc1Cl,COc1ccc(CNc2nnc(Cl)c3ccc(C#N)cc23)cc1Cl.OC1CCNCC1,1
8796,Cc1c(-c2ccccc2)n(Cc2ccccc2)c2cc(-c3ccc(OCc4nnn[nH]4)cc3)ccc12,Cc1c(-c2ccccc2)n(Cc2ccccc2)c2cc(-c3ccc(OCC#N)cc3)ccc12.[N-]=[N+]=[N-],4
8803,CC(C)CCSc1ccc(Br)cc1,CC(C)CCBr.Sc1ccc(Br)cc1,1
8813,Nc1ncnc2c1c(-c1cccc(OCC3CCCCO3)c1)cn2[C@H]1C[C@@H](CO)C1,CC1(C)OB(c2cccc(OCC3CCCCO3)c2)OC1(C)C.Nc1ncnc2c1c(I)cn2[C@H]1C[C@@H](CO)C1,3
8814,c1coc(CCc2ccncc2)c1,C(=Cc1ccco1)c1ccncc1,7
8833,CN(C)Cc1c(OCc2ccc(C#N)cc2)ccc2c(CCC3CCN(C(=O)OC(C)(C)C)CC3)noc12,CC(C)(C)OC(=O)N1CCC(CCc2noc3c(COS(C)(=O)=O)c(OCc4ccc(C#N)cc4)ccc23)CC1.CNC,1
8848,CCCCc1ncc(/C=C(\Cc2cccs2)C(=O)O)n1Cc1c(F)cccc1Cl,CCCCc1ncc(/C=C(\Cc2cccs2)C(=O)OC)n1Cc1c(F)cccc1Cl,6
8853,O=C(O)C(F)(F)F,CC(C)(C)OC(=O)N1CCN(c2c(COc3ccccc3C(F)(F)F)cc(Br)cc2NC(=O)c2nccc3ccccc23)CC1,6
8887,CCc1c(C(=O)N2CCOc3ccc(-c4ccc5nc(CO)[nH]c5c4)cc3C2)ccc(S(C)(=O)=O)c1F,CCc1c(C(=O)N2CCOc3ccc(-c4ccc(N)c(N)c4)cc3C2)ccc(S(C)(=O)=O)c1F.O=C(O)CO,4
8903,Cc1cc(NC(=O)NC(=O)c2ccccc2N(C)C)ccc1Oc1ncc(Br)cn1,CN(C)c1ccccc1C(N)=O.Cc1cc(N=C=O)ccc1Oc1ncc(Br)cn1,2
8926,N#Cc1c2ccccc2c(C=O)c2ccccc12,N#C[Cu].O=Cc1c2ccccc2c(Cl)c2ccccc12,9
8927,CCNC(=O)c1ccc(-n2cc(C(=O)NC3CC3)nn2)c(OC(C)c2ccccc2)c1,CC(Br)c1ccccc1.CCNC(=O)c1ccc(-n2cc(C(=O)NC3CC3)nn2)c(O)c1,1
8976,CCOc1nc(N[C@H]2CCOC2)ncc1C(=O)NC1C2CC3CC1CC(O)(C3)C2,CCOc1nc(Cl)ncc1C(=O)NC1C2CC3CC1CC(O)(C3)C2.N[C@H]1CCOC1,1
8985,C[Si](C)(C)CCOCn1nc(C=Cc2ccccc2)c2ccc(Nc3cccc([N+](=O)[O-])c3)cc21,C[Si](C)(C)CCOCn1nc(C=Cc2ccccc2)c2ccc(N)cc21.O=[N+]([O-])c1cccc(I)c1,1
8998,CCOC1(C2CCN(C(=O)OC)CC2=O)OCCO1,CCOC(=O)C1CCN(C(=O)OC)CC1=O.OCCO,5
9009,Cn1c(SCC(=O)O)nc2cnc(N3CCC(Oc4cc(F)ccc4Br)CC3)nc21,CCOC(=O)CSc1nc2cnc(N3CCC(Oc4cc(F)ccc4Br)CC3)nc2n1C,6
9044,CCCCCCCCCCNC(=O)[C@@H]1CCCN1,CCCCCCCCCCNC(=O)[C@@H]1CCCN1C(=O)OC(C)(C)C,6
9055,CC(C)(C)OC(=O)CNCCc1cccc(C(=O)OC(C)(C)C)c1,CC(C)(C)OC(=O)CBr.CC(C)(C)OC(=O)c1cccc(CCN)c1,1
9182,O=C(CN1CCC(C(=O)c2ccc(Cl)cc2)CC1)c1cccs1,O=C(CBr)c1cccs1.O=C(c1ccc(Cl)cc1)C1CCNCC1,1
9244,O=C(NCC(=O)N1CCN(C(=O)c2ccccc2C(F)(F)F)CC1)c1ccc(-c2ccccc2)cc1,NCC(=O)N1CCN(C(=O)c2ccccc2C(F)(F)F)CC1.O=C(O)c1ccc(-c2ccccc2)cc1,2
9252,O=C1CCCc2c1ccc(O)c2CSc1cccc2ccccc12,O=C1CCCc2c1ccc(O)c2CCl.Sc1cccc2ccccc12,1
9255,CCOP(=O)(CCNS(=O)(=O)Cl)OCC,CCOP(=O)(CCN)OCC.O=S(=O)(Cl)Cl,2
9259,O=S(=O)(NCc1ccco1)C1CCCCC1,NCc1ccco1.O=S(=O)(Cl)C1CCCCC1,2
9320,Cn1c(=O)oc2cc3c(cc21)OCC31C(=O)N(Cc2ccc(C(F)(F)F)o2)c2ccccc21,Cn1c(=O)oc2cc3c(cc21)OCC31C(=O)Nc2ccccc21.FC(F)(F)c1ccc(CBr)o1,1
9322,Cc1cc(C)c(O)c(NC(=O)C(Cl)CC(C)C)c1,CC(C)CC(Cl)C(=O)Cl.Cc1cc(C)c(O)c(N)c1,2
9333,O=C(O)COCCOCCOCCOCCOCCOCCOCC(F)(F)F,CCOC(=O)COCCOCCOCCOCCOCCOCCOCC(F)(F)F,6
9372,CCCCC#Cc1nc(NC(c2ccc(OC)cc2)c2ccc(OC)cc2)c2ncn([C@@H]3C[C@H](n4cc(C)cn4)[C@@H](O)[C@H]3O)c2n1,C#CCCCC.COc1ccc(C(Nc2nc(Cl)nc3c2ncn3[C@@H]2C[C@H](n3cc(C)cn3)[C@@H](O)[C@H]2O)c2ccc(OC)cc2)cc1,3
9397,CC(C)(C)c1ccc(Cn2ccc3cc(N)ccc32)cc1,CC(C)(C)c1ccc(Cn2ccc3cc([N+](=O)[O-])ccc32)cc1,7
9407,CC(=O)NC1CCN(c2c(C(C)=O)cc(Cl)c3cccnc23)CC1,CC(=O)NC1CCNCC1.CC(=O)c1cc(Cl)c2cccnc2c1OS(=O)(=O)C(F)(F)F,1
9411,Cc1nn(C(F)F)cc1S(=O)(=O)N1CC(C(C)(C)O[SiH2]C(C)(C)C)Cc2ncc(NC(=O)OC(C)(C)C)cc21,CC(C)(C)OC(=O)Nc1cnc2c(c1)NCC(C(C)(C)O[SiH2]C(C)(C)C)C2.Cc1nn(C(F)F)cc1S(=O)(=O)Cl,2
9412,COc1cc(F)c(F)cc1-c1ccc(OCC2CCN(C(=O)N(C)CC(=O)NS(C)(=O)=O)C2)cc1,COc1cc(F)c(F)cc1-c1ccc(OCC2CCN(C(=O)N(C)CC(=O)O)C2)cc1.CS(N)(=O)=O,2
9512,CC(C)(C)c1cc(C=O)c(O)c(-c2cc(C(F)(F)F)cc(C(F)(F)F)c2)c1,CC(C)(C)c1cc(Br)c(O)c(C=O)c1.OB(O)c1cc(C(F)(F)F)cc(C(F)(F)F)c1,3
9513,Cc1ccc2cc(O)ccc2n1,COc1ccc2nc(C)ccc2c1,6
9534,CN1CC[C@@](O)(C#Cc2cc(-c3nc(C(N)=O)c(N)cc3F)ccc2F)C1=O,C#C[C@]1(O)CCN(C)C1=O.NC(=O)c1nc(-c2ccc(F)c(Br)c2)c(F)cc1N,3
9554,CCOC(=O)Cn1ccc2ccc(OCCCC#Cc3ccc(C(F)(F)F)cc3)cc21,CCOC(=O)Cn1ccc2ccc(O)cc21.OCCCC#Cc1ccc(C(F)(F)F)cc1,1
9644,CC(C)Nc1ccc(F)cc1CN1CCC(COc2cc(F)c(C(=O)NS(=O)(=O)C3CC3)cc2C2CC2)CC1,CC(C)Nc1ccc(F)cc1CN1CCC(COc2cc(F)c(C(=O)O)cc2C2CC2)CC1.NS(=O)(=O)C1CC1,2
9700,O=S(=O)(Cc1nc(-c2ccccc2)no1)c1ccccc1,ClCc1nc(-c2ccccc2)no1.O=S([O-])c1ccccc1,1
9703,CNc1c(F)cc2c(=O)c(C(=O)O)cn(-c3nc(NCCO)c(F)cc3F)c2c1Cl,CN.O=C(O)c1cn(-c2nc(NCCO)c(F)cc2F)c2c(Cl)c(F)c(F)cc2c1=O,1
9752,O=C(Nc1ccc(N2CCC(Cc3ccccc3)CC2)cc1)c1ccc([N+](=O)[O-])o1,Nc1ccc(N2CCC(Cc3ccccc3)CC2)cc1.O=C(Cl)c1ccc([N+](=O)[O-])o1,2
9772,C[C@@H]1C(=O)C(C#N)=C[C@]2(c3cccc(C(=O)O)c3)c3nc(-c4ccccc4)ncc3CC[C@@H]12,COC(=O)c1cccc([C@]23C=C(C#N)C(=O)[C@@H](C)[C@@H]2CCc2cnc(-c4ccccc4)nc23)c1,6
9806,C(=NNc1ncnc2c1cnn2-c1nccs1)c1ccncc1,NNc1ncnc2c1cnn2-c1nccs1.O=Cc1ccncc1,1
9812,COc1cc(NS(=O)(=O)c2ccc(C)cc2N)c2ncccc2c1,COc1cc(NS(=O)(=O)c2ccc(C)cc2[N+](=O)[O-])c2ncccc2c1,7
9824,NCCc1cnn2ccc3c(c12)CCO3,N#CCc1cnn2ccc3c(c12)CCO3,7
9832,Cc1ccc(S(=O)(=O)NC2CCCNC2=O)cc1,Cc1ccc(S(=O)(=O)Cl)cc1.NC1CCCNC1=O,2
9880,COC(=O)c1c(-c2ccccc2)c2cc(-c3ccccc3)ccc2c(=O)n1Cc1ccc2c(c1)OCO2,COC(=O)c1c(-c2ccccc2)c2cc(Br)ccc2c(=O)n1Cc1ccc2c(c1)OCO2.OB(O)c1ccccc1,3
9890,COc1cc(COc2nn(-c3ccccc3)cc2C=O)ccc1OCc1csc(N2CCCCC2)n1,COc1cc(CO)ccc1OCc1csc(N2CCCCC2)n1.O=Cc1cn(-c2ccccc2)nc1O,1
9906,O=C(O)CC1CCc2c1[nH]c1ccc(-c3noc(-c4cc(OC(F)(F)F)cc(N5CCCC5)c4)n3)cc21,CCOC(=O)CC1CCc2c1[nH]c1ccc(-c3noc(-c4cc(OC(F)(F)F)cc(N5CCCC5)c4)n3)cc21,6
9937,O=C(O)C1=Cc2cc(-c3ccc(F)cc3)ccc2OCC1,COC(=O)C1=Cc2cc(-c3ccc(F)cc3)ccc2OCC1,6
9948,Cc1ccc(OCCCCN2CCC(c3cccc(NC(=O)C(C)C)c3)CC2)cc1C,CC(C)C(=O)Nc1cccc(C2CCNCC2)c1.Cc1ccc(OCCCCCl)cc1C,1
